Date,Ticker,Close,ChangePct,RSI14,IsLatest,StrategySide,IsSignal,MarketCapEURm
2025-07-24,NOKIA,3.75,,,0,Flat,0,5200
2025-07-25,NOKIA,3.701,-1.3067,,0,Flat,0,5200
2025-07-28,NOKIA,3.657,-1.1889,,0,Flat,0,5200
2025-07-29,NOKIA,3.419,-6.5081,,0,Flat,0,5200
2025-07-30,NOKIA,3.594,5.1185,,0,Flat,0,5200
2025-07-31,NOKIA,3.588,-0.1669,,0,Flat,0,5200
2025-08-01,NOKIA,3.47,-3.2887,,0,Flat,0,5200
2025-08-04,NOKIA,3.533,1.8156,,0,Flat,0,5200
2025-08-05,NOKIA,3.519,-0.3963,,0,Flat,0,5200
2025-08-06,NOKIA,3.514,-0.1421,,0,Flat,0,5200
2025-08-07,NOKIA,3.52,0.1707,,0,Flat,0,5200
2025-08-08,NOKIA,3.53,0.2841,,0,Flat,0,5200
2025-08-11,NOKIA,3.532,0.0567,,0,Flat,0,5200
2025-08-12,NOKIA,3.563,0.8777,,0,Flat,0,5200
2025-08-13,NOKIA,3.58,0.4771,39.0746,0,Flat,0,5200
2025-08-14,NOKIA,3.556,-0.6704,37.8182,0,Flat,0,5200
2025-08-15,NOKIA,3.614,1.631,42.6198,0,Flat,0,5200
2025-08-18,NOKIA,3.592,-0.6087,41.3165,0,Flat,0,5200
2025-08-19,NOKIA,3.646,1.5033,45.7052,0,Flat,0,5200
2025-08-20,NOKIA,3.625,-0.576,44.3172,0,Flat,0,5200
2025-08-21,NOKIA,3.62,-0.1379,43.9747,0,Flat,0,5200
2025-08-22,NOKIA,3.685,1.7956,49.4436,0,Flat,0,5200
2025-08-25,NOKIA,3.712,0.7327,51.5589,0,Flat,0,5200
2025-08-26,NOKIA,3.672,-1.0776,48.3326,0,Flat,0,5200
2025-08-27,NOKIA,3.71,1.0349,51.4413,0,Flat,0,5200
2025-08-28,NOKIA,3.67,-1.0782,48.1567,0,Flat,0,5200
2025-08-29,NOKIA,3.679,0.2452,48.9466,0,Flat,0,5200
2025-09-01,NOKIA,3.702,0.6252,51.0012,0,Flat,0,5200
2025-09-02,NOKIA,3.646,-1.5127,46.1331,0,Flat,0,5200
2025-09-03,NOKIA,3.752,2.9073,54.9069,0,Flat,0,5200
2025-09-04,NOKIA,3.907,4.1311,64.112,0,Flat,0,5200
2025-09-05,NOKIA,3.882,-0.6399,61.9166,0,Flat,0,5200
2025-09-08,NOKIA,3.885,0.0773,62.0844,0,Flat,0,5200
2025-09-09,NOKIA,3.898,0.3346,62.8483,0,Flat,0,5200
2025-09-10,NOKIA,3.902,0.1026,63.0946,0,Flat,0,5200
2025-09-11,NOKIA,3.91,0.205,63.6143,0,Flat,0,5200
2025-09-12,NOKIA,3.829,-2.0716,55.1467,0,Flat,0,5200
2025-09-15,NOKIA,3.846,0.444,56.4567,0,Flat,0,5200
2025-09-16,NOKIA,3.835,-0.286,55.3306,0,Flat,0,5200
2025-09-17,NOKIA,3.952,3.0508,63.6383,0,Flat,0,5200
2025-09-18,NOKIA,4.031,1.999,67.97,0,Flat,0,5200
2025-09-19,NOKIA,4.008,-0.5706,65.5227,0,Flat,0,5200
2025-09-22,NOKIA,4.01,0.0499,65.6386,0,Flat,0,5200
2025-09-23,NOKIA,4.068,1.4464,68.9022,0,Flat,0,5200
2025-09-24,NOKIA,4.017,-1.2537,63.2164,0,Flat,0,5200
2025-09-25,NOKIA,4,-0.4232,61.3977,0,Flat,0,5200
2025-09-26,NOKIA,3.963,-0.925,57.5189,0,Flat,0,5200
2025-09-29,NOKIA,3.976,0.328,58.5107,0,Flat,0,5200
2025-09-30,NOKIA,4.079,2.5905,65.4024,0,Flat,0,5200
2025-10-01,NOKIA,4.098,0.4658,66.5077,0,Flat,0,5200
2025-10-02,NOKIA,4.13,0.7809,68.3419,0,Flat,0,5200
2025-10-03,NOKIA,4.147,0.4116,69.3037,0,Flat,0,5200
2025-10-06,NOKIA,4.218,1.7121,72.994,0,Short,1,5200
2025-10-07,NOKIA,4.253,0.8298,74.6141,0,Short,1,5200
2025-10-08,NOKIA,4.386,3.1272,79.6181,0,Short,1,5200
2025-10-09,NOKIA,4.445,1.3452,81.3722,0,Short,1,5200
2025-10-10,NOKIA,4.54,2.1372,83.7912,0,Short,1,5200
2025-10-13,NOKIA,4.485,-1.2114,77.5153,0,Short,1,5200
2025-10-14,NOKIA,4.665,4.0134,82.2112,0,Short,1,5200
2025-10-15,NOKIA,4.768,2.2079,84.2396,0,Short,1,5200
2025-10-16,NOKIA,4.889,2.5377,86.2265,0,Short,1,5200
2025-10-17,NOKIA,4.876,-0.2659,84.9868,0,Short,1,5200
2025-10-20,NOKIA,4.871,-0.1025,84.4837,0,Short,1,5200
2025-10-21,NOKIA,4.841,-0.6159,81.3713,0,Short,1,5200
2025-10-22,NOKIA,4.733,-2.2309,71.2015,0,Short,1,5200
2025-10-23,NOKIA,5.246,10.8388,82.4326,0,Short,1,5200
2025-10-24,NOKIA,5.334,1.6775,83.6132,0,Short,1,5200
2025-10-27,NOKIA,5.456,2.2872,85.1075,0,Short,1,5200
2025-10-28,NOKIA,6.594,20.8578,92.2273,0,Short,1,5200
2025-10-29,NOKIA,6.308,-4.3373,81.661,0,Short,1,5200
2025-10-30,NOKIA,6.176,-2.0926,77.2613,0,Short,1,5200
2025-10-31,NOKIA,5.864,-5.0518,67.9435,0,Flat,0,5200
2025-11-03,NOKIA,6.152,4.9113,71.3752,0,Short,1,5200
2025-11-04,NOKIA,5.952,-3.251,66.0844,0,Flat,0,5200
2025-11-05,NOKIA,5.932,-0.336,65.5611,0,Flat,0,5200
2025-11-06,NOKIA,5.946,0.236,65.7654,0,Flat,0,5200
2025-11-07,NOKIA,5.852,-1.5809,63.0594,0,Flat,0,5200
2025-11-10,NOKIA,5.856,0.0683,63.1289,0,Flat,0,5200
2025-11-11,NOKIA,5.912,0.9563,64.1463,0,Flat,0,5200
2025-11-12,NOKIA,5.992,1.3532,65.6063,0,Flat,0,5200
2025-11-13,NOKIA,5.978,-0.2336,65.1067,0,Flat,0,5200
2025-11-14,NOKIA,5.83,-2.4757,59.9119,0,Flat,0,5200
2025-11-17,NOKIA,5.778,-0.8919,58.1561,0,Flat,0,5200
2025-11-18,NOKIA,5.644,-2.3191,53.7822,0,Flat,0,5200
2025-11-19,NOKIA,5.25,-6.9809,43.4375,0,Flat,0,5200
2025-11-20,NOKIA,5.2,-0.9524,42.3249,0,Flat,0,5200
2025-11-21,NOKIA,5.13,-1.3461,40.7512,0,Flat,0,5200
2025-11-24,NOKIA,5.196,1.2865,42.9067,0,Flat,0,5200
2025-11-25,NOKIA,5.228,0.6159,43.971,0,Flat,0,5200
2025-11-26,NOKIA,5.224,-0.0765,43.8609,0,Flat,0,5200
2025-11-27,NOKIA,5.254,0.5743,44.9734,0,Flat,0,5200
2025-11-28,NOKIA,5.242,-0.2284,44.5928,0,Flat,0,5200
2025-12-01,NOKIA,5.278,0.6868,46.0676,0,Flat,0,5200
2025-12-02,NOKIA,5.312,0.6442,47.4892,0,Flat,0,5200
2025-12-03,NOKIA,5.276,-0.6777,46.1035,0,Flat,0,5200
2025-12-04,NOKIA,5.31,0.6444,47.657,0,Flat,0,5200
2025-12-05,NOKIA,5.226,-1.5819,44.2625,0,Flat,0,5200
2025-12-08,NOKIA,5.278,0.995,46.7892,0,Flat,0,5200
2025-12-09,NOKIA,5.354,1.4399,50.333,0,Flat,0,5200
2025-12-10,NOKIA,5.306,-0.8965,48.1518,0,Flat,0,5200
2025-12-11,NOKIA,5.406,1.8847,52.7461,0,Flat,0,5200
2025-12-12,NOKIA,5.27,-2.5157,46.6871,0,Flat,0,5200
2025-12-15,NOKIA,5.278,0.1518,47.0722,0,Flat,0,5200
2025-12-16,NOKIA,5.278,0,47.0722,0,Flat,0,5200
2025-12-17,NOKIA,5.314,0.6821,48.9953,0,Flat,0,5200
2025-12-18,NOKIA,5.43,2.1829,54.706,0,Flat,0,5200
2025-12-19,NOKIA,5.458,0.5157,55.987,0,Flat,0,5200
2025-12-22,NOKIA,5.502,0.8062,57.9973,0,Flat,0,5200
2025-12-23,NOKIA,5.518,0.2908,58.7354,0,Flat,0,5200
2025-12-29,NOKIA,5.578,1.0873,61.4698,0,Flat,0,5200
2025-12-30,NOKIA,5.572,-0.1076,61.0342,0,Flat,0,5200
2026-01-02,NOKIA,5.524,-0.8614,57.5228,0,Flat,0,5200
2026-01-05,NOKIA,5.564,0.7241,59.6083,0,Flat,0,5200
2026-01-07,NOKIA,5.768,3.6664,68.1868,0,Flat,0,5200
2026-01-08,NOKIA,5.574,-3.3634,56.0052,0,Flat,0,5200
2026-01-09,NOKIA,5.6,0.4665,57.111,0,Flat,0,5200
2026-01-12,NOKIA,5.582,-0.3214,56.0604,0,Flat,0,5200
2026-01-13,NOKIA,5.592,0.1792,56.5388,0,Flat,0,5200
2026-01-14,NOKIA,5.638,0.8226,58.7627,0,Flat,0,5200
2026-01-15,NOKIA,5.826,3.3345,66.3428,0,Flat,0,5200
2026-01-16,NOKIA,5.708,-2.0254,59.0108,0,Flat,0,5200
2026-01-19,NOKIA,5.64,-1.1913,55.2231,0,Flat,0,5200
2026-01-20,NOKIA,5.546,-1.6667,50.4067,0,Flat,0,5200
2026-01-21,NOKIA,5.492,-0.9737,47.8261,0,Flat,0,5200
2026-01-22,NOKIA,5.558,1.2017,51.1199,0,Flat,0,5200
2026-01-23,NOKIA,5.702,2.5909,57.434,0,Flat,0,5200
2026-01-26,NOKIA,5.782,1.403,60.4877,0,Flat,0,5200
2026-01-27,NOKIA,5.882,1.7295,63.9675,0,Flat,0,5200
2026-01-28,NOKIA,5.662,-3.7402,52.9246,0,Flat,0,5200
2026-01-29,NOKIA,5.156,-8.9368,37.0724,0,Flat,0,5200
2026-01-30,NOKIA,5.424,5.1978,46.2545,0,Flat,0,5200
2026-02-02,NOKIA,5.584,2.9499,50.8642,0,Flat,0,5200
2026-02-03,NOKIA,5.616,0.5731,51.7554,0,Flat,0,5200
2026-02-04,NOKIA,5.76,2.5641,55.6535,0,Flat,0,5200
2026-02-05,NOKIA,5.8,0.6944,56.7,0,Flat,0,5200
2026-02-06,NOKIA,5.884,1.4483,58.8939,0,Flat,0,5200
2026-02-09,NOKIA,5.966,1.3936,60.9728,0,Flat,0,5200
2026-02-10,NOKIA,5.974,0.1341,61.1791,0,Flat,0,5200
2026-02-11,NOKIA,6.072,1.6404,63.7094,0,Flat,0,5200
2026-02-12,NOKIA,5.832,-3.9526,54.3639,0,Flat,0,5200
2026-02-13,NOKIA,5.868,0.6173,55.4203,0,Flat,0,5200
2026-02-16,NOKIA,5.962,1.6019,58.1447,0,Flat,0,5200
2026-02-17,NOKIA,6.016,0.9057,59.6695,0,Flat,0,5200
2026-02-18,NOKIA,6.26,4.0559,65.7424,0,Flat,0,5200
2026-02-19,NOKIA,6.35,1.4377,67.6758,0,Flat,0,5200
2026-02-20,NOKIA,6.424,1.1654,69.2143,0,Flat,0,5200
2026-02-23,NOKIA,6.416,-0.1245,68.8329,0,Flat,0,5200
2026-02-24,NOKIA,6.324,-1.4339,64.4353,0,Flat,0,5200
2026-02-25,NOKIA,6.422,1.5497,66.8638,0,Flat,0,5200
2026-02-26,NOKIA,6.232,-2.9586,58.5204,0,Flat,0,5200
2026-02-27,NOKIA,6.484,4.0437,64.795,0,Flat,0,5200
2026-03-02,NOKIA,6.83,5.3362,71.2301,0,Short,1,5200
2026-03-03,NOKIA,6.716,-1.6691,66.8917,0,Flat,0,5200
2026-03-04,NOKIA,7.032,4.7052,71.9853,0,Short,1,5200
2026-03-05,NOKIA,6.658,-5.3185,60.1838,0,Flat,0,5200
2026-03-06,NOKIA,6.704,0.6909,61.03,0,Flat,0,5200
2026-03-09,NOKIA,6.688,-0.2387,60.548,0,Flat,0,5200
2026-03-10,NOKIA,6.714,0.3888,61.0859,0,Flat,0,5200
2026-03-11,NOKIA,6.832,1.7575,63.5169,0,Flat,0,5200
2026-03-12,NOKIA,7.138,4.4789,68.9365,0,Flat,0,5200
2026-03-13,NOKIA,7.204,0.9246,69.9726,0,Flat,0,5200
2026-03-16,NOKIA,7.488,3.9423,73.9924,0,Short,1,5200
2026-03-17,NOKIA,7.464,-0.3205,73.1018,0,Short,1,5200
2026-03-18,NOKIA,7.332,-1.7685,68.2369,0,Flat,0,5200
2026-03-19,NOKIA,7.1,-3.1642,60.6031,0,Flat,0,5200
2026-03-20,NOKIA,6.916,-2.5915,55.3175,0,Flat,0,5200
2026-03-23,NOKIA,6.902,-0.2024,54.9249,0,Flat,0,5200
2026-03-24,NOKIA,7.04,1.9994,58.0824,0,Flat,0,5200
2026-03-25,NOKIA,7.3,3.6932,63.2987,0,Flat,0,5200
2026-03-26,NOKIA,7.232,-0.9315,61.1552,0,Flat,0,5200
2026-03-27,NOKIA,6.866,-5.0608,51.1211,0,Flat,0,5200
2026-03-30,NOKIA,6.94,1.0778,52.8071,0,Flat,0,5200
2026-03-31,NOKIA,6.796,-2.0749,49.2472,0,Flat,0,5200
2026-04-01,NOKIA,7.108,4.5909,56.1454,0,Flat,0,5200
2026-04-02,NOKIA,7.35,3.4046,60.6167,0,Flat,0,5200
2026-04-07,NOKIA,7.476,1.7143,62.7464,0,Flat,0,5200
2026-04-08,NOKIA,8.02,7.2766,70.2313,0,Short,1,5200
2026-04-09,NOKIA,8.056,0.4489,70.6515,0,Short,1,5200
2026-04-10,NOKIA,8.034,-0.2731,70.0012,0,Short,1,5200
2026-04-13,NOKIA,8.618,7.2691,76.2507,0,Short,1,5200
2026-04-14,NOKIA,8.74,1.4156,77.3139,0,Short,1,5200
2026-04-15,NOKIA,8.532,-2.3799,71.4415,0,Short,1,5200
2026-04-16,NOKIA,8.592,0.7032,72.0998,0,Short,1,5200
2026-04-17,NOKIA,8.646,0.6285,72.7095,0,Short,1,5200
2026-04-20,NOKIA,8.938,3.3773,75.7906,0,Short,1,5200
2026-04-21,NOKIA,8.832,-1.1859,72.5869,0,Short,1,5200
2026-04-22,NOKIA,8.51,-3.6458,63.7687,0,Flat,0,5200
2026-04-23,NOKIA,9.05,6.3455,70.2877,0,Short,1,5200
2026-04-24,NOKIA,8.946,-1.1492,67.7591,0,Flat,0,5200
2026-04-27,NOKIA,9.276,3.6888,71.2887,0,Short,1,5200
2026-04-28,NOKIA,9.41,1.4446,72.6004,0,Short,1,5200
2026-04-29,NOKIA,10.31,9.5643,79.4058,0,Short,1,5200
2026-04-30,NOKIA,10.605,2.8613,81.0658,0,Short,1,5200
2026-05-04,NOKIA,11.39,7.4022,84.6188,0,Short,1,5200
2026-05-05,NOKIA,11.425,0.3073,84.7562,0,Short,1,5200
2026-05-06,NOKIA,11.345,-0.7002,82.9332,0,Short,1,5200
2026-05-07,NOKIA,10.545,-7.0516,67.3364,0,Flat,0,5200
2026-05-08,NOKIA,10.945,3.7933,70.34,0,Short,1,5200
2026-05-11,NOKIA,11.39,4.0658,73.2833,0,Short,1,5200
2026-05-12,NOKIA,11.085,-2.6778,68.2818,0,Flat,0,5200
2026-05-13,NOKIA,11.92,7.5327,73.5949,0,Short,1,5200
2026-05-15,NOKIA,11.905,-0.1258,73.3572,0,Short,1,5200
2026-05-18,NOKIA,11.73,-1.47,70.4962,0,Short,1,5200
2026-05-19,NOKIA,11.585,-1.2361,68.1254,0,Flat,0,5200
2026-05-20,NOKIA,11.735,1.2948,69.2765,0,Flat,0,5200
2026-05-21,NOKIA,12.08,2.9399,71.7991,0,Short,1,5200
2026-05-22,NOKIA,13.255,9.7268,78.3261,0,Short,1,5200
2026-05-25,NOKIA,13.065,-1.4334,75.2915,0,Short,1,5200
2026-05-26,NOKIA,13.835,5.8936,78.8652,0,Short,1,5200
2026-05-27,NOKIA,13.46,-2.7105,73.3045,0,Short,1,5200
2026-05-28,NOKIA,13.2,-1.9317,69.6384,0,Flat,0,5200
2026-05-29,NOKIA,12.58,-4.697,61.7123,0,Flat,0,5200
2026-06-01,NOKIA,13.32,5.8824,66.5988,0,Flat,0,5200
2026-06-02,NOKIA,14.37,7.8829,72.0497,0,Short,1,5200
2026-06-03,NOKIA,14.685,2.1921,73.4495,0,Short,1,5200
2026-06-04,NOKIA,13.935,-5.1073,65.0906,0,Flat,0,5200
2026-06-05,NOKIA,13.09,-6.0639,57.1932,0,Flat,0,5200
2026-06-08,NOKIA,12.965,-0.9549,56.1087,0,Flat,0,5200
2026-06-09,NOKIA,12.04,-7.1346,48.7429,0,Flat,0,5200
2026-06-10,NOKIA,11.945,-0.789,48.0453,0,Flat,0,5200
2026-06-11,NOKIA,11.795,-1.2558,46.9039,0,Flat,0,5200
2026-06-12,NOKIA,12.965,9.9195,55.7372,0,Flat,0,5200
2026-06-15,NOKIA,12.38,-4.5121,51.1547,0,Flat,0,5200
2026-06-16,NOKIA,12.095,-2.3021,49.0394,0,Flat,0,5200
2026-06-17,NOKIA,12.025,-0.5788,48.5088,0,Flat,0,5200
2026-06-18,NOKIA,11.98,-0.3742,48.1482,0,Flat,0,5200
2026-06-22,NOKIA,12.28,2.5042,50.7756,0,Flat,0,5200
2026-06-23,NOKIA,12,-2.2801,48.3148,0,Flat,0,5200
2026-06-24,NOKIA,12.315,2.625,51.1813,0,Flat,0,5200
2026-06-25,NOKIA,12.185,-1.0556,49.9501,0,Flat,0,5200
2026-06-26,NOKIA,11.39,-6.5244,43.1189,0,Flat,0,5200
2026-06-29,NOKIA,11.215,-1.5364,41.7649,0,Flat,0,5200
2026-06-30,NOKIA,11.555,3.0317,45.3552,0,Flat,0,5200
2026-07-01,NOKIA,11.385,-1.4712,43.8979,0,Flat,0,5200
2026-07-02,NOKIA,10.785,-5.2701,39.1204,0,Flat,0,5200
2026-07-03,NOKIA,11.17,3.5698,43.3787,0,Flat,0,5200
2026-07-06,NOKIA,11.03,-1.2534,42.2221,0,Flat,0,5200
2026-07-07,NOKIA,10.42,-5.5304,37.5274,0,Flat,0,5200
2026-07-08,NOKIA,10.215,-1.9674,36.0756,0,Flat,0,5200
2026-07-09,NOKIA,11.2,9.6427,46.7376,0,Flat,0,5200
2026-07-10,NOKIA,10.895,-2.7232,44.2751,0,Flat,0,5200
2026-07-13,NOKIA,10.56,-3.0748,41.6776,0,Flat,0,5200
2026-07-14,NOKIA,10.275,-2.6989,39.5517,0,Flat,0,5200
2026-07-15,NOKIA,9.782,-4.7981,36.1196,0,Flat,0,5200
2026-07-16,NOKIA,9.152,-6.4404,32.2664,0,Flat,0,5200
2026-07-17,NOKIA,8.852,-3.278,30.5927,0,Flat,0,5200
2026-07-20,NOKIA,8.918,0.7456,31.4353,0,Flat,0,5200
2026-07-21,NOKIA,9.386,5.2478,37.2524,0,Flat,0,5200
2026-07-22,NOKIA,9.166,-2.3439,35.7183,0,Flat,0,5200
2026-07-23,NOKIA,8.7,-5.084,32.651,0,Flat,0,5200
2026-07-24,NOKIA,8.222,-5.4942,29.8221,1,Long,1,5200
2026-07-24,SAMPO,9.626,0.5221,59.6962,1,Flat,0,22000
2026-07-24,KNEBV,48.9,2.7743,47.5506,1,Flat,0,28000
2025-07-24,NESTE,14.815,,,0,Flat,0,12000
2025-07-25,NESTE,14.535,-1.89,,0,Flat,0,12000
2025-07-28,NESTE,14.505,-0.2064,,0,Flat,0,12000
2025-07-29,NESTE,14.1,-2.7921,,0,Flat,0,12000
2025-07-30,NESTE,14.025,-0.5319,,0,Flat,0,12000
2025-07-31,NESTE,13.835,-1.3547,,0,Flat,0,12000
2025-08-01,NESTE,13.75,-0.6144,,0,Flat,0,12000
2025-08-04,NESTE,13.565,-1.3455,,0,Flat,0,12000
2025-08-05,NESTE,14.21,4.7549,,0,Flat,0,12000
2025-08-06,NESTE,14.31,0.7037,,0,Flat,0,12000
2025-08-07,NESTE,14.66,2.4458,,0,Flat,0,12000
2025-08-08,NESTE,14.735,0.5116,,0,Flat,0,12000
2025-08-11,NESTE,14.385,-2.3753,,0,Flat,0,12000
2025-08-12,NESTE,14.36,-0.1738,,0,Flat,0,12000
2025-08-13,NESTE,14.455,0.6616,43.7716,0,Flat,0,12000
2025-08-14,NESTE,14.735,1.937,49.0841,0,Flat,0,12000
2025-08-15,NESTE,14.635,-0.6787,47.363,0,Flat,0,12000
2025-08-18,NESTE,14.32,-2.1524,42.3281,0,Flat,0,12000
2025-08-19,NESTE,14.86,3.7709,51.7896,0,Flat,0,12000
2025-08-20,NESTE,14.705,-1.0431,49.29,0,Flat,0,12000
2025-08-21,NESTE,14.82,0.782,51.173,0,Flat,0,12000
2025-08-22,NESTE,15.825,6.7814,63.8175,0,Flat,0,12000
2025-08-25,NESTE,16.145,2.0221,66.7685,0,Flat,0,12000
2025-08-26,NESTE,15.905,-1.4865,62.642,0,Flat,0,12000
2025-08-27,NESTE,16.035,0.8174,63.942,0,Flat,0,12000
2025-08-28,NESTE,15.905,-0.8107,61.6324,0,Flat,0,12000
2025-08-29,NESTE,15.69,-1.3518,57.9071,0,Flat,0,12000
2025-09-01,NESTE,16.025,2.1351,61.7832,0,Flat,0,12000
2025-09-02,NESTE,15.895,-0.8112,59.4937,0,Flat,0,12000
2025-09-03,NESTE,16.19,1.8559,62.8573,0,Flat,0,12000
2025-09-04,NESTE,16.275,0.525,63.7903,0,Flat,0,12000
2025-09-05,NESTE,16.775,3.0722,68.7614,0,Flat,0,12000
2025-09-08,NESTE,16.71,-0.3875,67.4647,0,Flat,0,12000
2025-09-09,NESTE,16.795,0.5087,68.3064,0,Flat,0,12000
2025-09-10,NESTE,16.57,-1.3397,63.615,0,Flat,0,12000
2025-09-11,NESTE,16.81,1.4484,66.2757,0,Flat,0,12000
2025-09-12,NESTE,16.635,-1.041,62.6767,0,Flat,0,12000
2025-09-15,NESTE,16.84,1.2323,65.0696,0,Flat,0,12000
2025-09-16,NESTE,17.28,2.6128,69.5781,0,Flat,0,12000
2025-09-17,NESTE,17.02,-1.5046,64.297,0,Flat,0,12000
2025-09-18,NESTE,16.415,-3.5546,54.022,0,Flat,0,12000
2025-09-19,NESTE,15.985,-2.6196,48.1343,0,Flat,0,12000
2025-09-22,NESTE,16.065,0.5005,49.2427,0,Flat,0,12000
2025-09-23,NESTE,16.56,3.0812,55.5694,0,Flat,0,12000
2025-09-24,NESTE,16.815,1.5399,58.4431,0,Flat,0,12000
2025-09-25,NESTE,16.83,0.0892,58.6127,0,Flat,0,12000
2025-09-26,NESTE,16.21,-3.6839,49.6029,0,Flat,0,12000
2025-09-29,NESTE,16.085,-0.7711,48.0009,0,Flat,0,12000
2025-09-30,NESTE,15.585,-3.1085,42.1383,0,Flat,0,12000
2025-10-01,NESTE,15.975,2.5024,47.5222,0,Flat,0,12000
2025-10-02,NESTE,16.305,2.0657,51.6239,0,Flat,0,12000
2025-10-03,NESTE,16.155,-0.92,49.7215,0,Flat,0,12000
2025-10-06,NESTE,16.275,0.7428,51.2687,0,Flat,0,12000
2025-10-07,NESTE,16.115,-0.9831,49.0992,0,Flat,0,12000
2025-10-08,NESTE,16.08,-0.2172,48.6146,0,Flat,0,12000
2025-10-09,NESTE,16.275,1.2127,51.4875,0,Flat,0,12000
2025-10-10,NESTE,16.21,-0.3994,50.4745,0,Flat,0,12000
2025-10-13,NESTE,16.875,4.1024,59.2978,0,Flat,0,12000
2025-10-14,NESTE,16.805,-0.4148,58.1239,0,Flat,0,12000
2025-10-15,NESTE,16.695,-0.6546,56.2398,0,Flat,0,12000
2025-10-16,NESTE,16.685,-0.0599,56.0619,0,Flat,0,12000
2025-10-17,NESTE,16.5,-1.1088,52.7381,0,Flat,0,12000
2025-10-20,NESTE,16.82,1.9394,57.4387,0,Flat,0,12000
2025-10-21,NESTE,16.425,-2.3484,50.7313,0,Flat,0,12000
2025-10-22,NESTE,17.075,3.9574,59.1789,0,Flat,0,12000
2025-10-23,NESTE,17.53,2.6647,63.8513,0,Flat,0,12000
2025-10-24,NESTE,18.3,4.3925,70.0904,0,Short,1,12000
2025-10-27,NESTE,18.4,0.5465,70.7954,0,Short,1,12000
2025-10-28,NESTE,18.425,0.1359,70.9796,0,Short,1,12000
2025-10-29,NESTE,18.92,2.6866,74.4192,0,Short,1,12000
2025-10-30,NESTE,18.6,-1.6913,68.7465,0,Flat,0,12000
2025-10-31,NESTE,17.955,-3.4677,58.9866,0,Flat,0,12000
2025-11-03,NESTE,17.8,-0.8633,56.8961,0,Flat,0,12000
2025-11-04,NESTE,17.145,-3.6798,48.9944,0,Flat,0,12000
2025-11-05,NESTE,17.065,-0.4666,48.1154,0,Flat,0,12000
2025-11-06,NESTE,17.845,4.5708,56.3395,0,Flat,0,12000
2025-11-07,NESTE,17.54,-1.7092,52.8143,0,Flat,0,12000
2025-11-10,NESTE,17.395,-0.8267,51.1749,0,Flat,0,12000
2025-11-11,NESTE,18.265,5.0014,59.3318,0,Flat,0,12000
2025-11-12,NESTE,17.825,-2.409,54.3834,0,Flat,0,12000
2025-11-13,NESTE,18.15,1.8233,57.2214,0,Flat,0,12000
2025-11-14,NESTE,18.305,0.854,58.5461,0,Flat,0,12000
2025-11-17,NESTE,17.925,-2.0759,54.1214,0,Flat,0,12000
2025-11-18,NESTE,17.675,-1.3947,51.3708,0,Flat,0,12000
2025-11-19,NESTE,17.175,-2.8289,46.3022,0,Flat,0,12000
2025-11-20,NESTE,17.36,1.0772,48.3335,0,Flat,0,12000
2025-11-21,NESTE,16.725,-3.6578,42.4042,0,Flat,0,12000
2025-11-24,NESTE,16.1,-3.7369,37.5248,0,Flat,0,12000
2025-11-25,NESTE,15.965,-0.8385,36.5466,0,Flat,0,12000
2025-11-26,NESTE,16.5,3.3511,42.8994,0,Flat,0,12000
2025-11-27,NESTE,16.72,1.3333,45.3236,0,Flat,0,12000
2025-11-28,NESTE,16.64,-0.4785,44.5824,0,Flat,0,12000
2025-12-01,NESTE,16.89,1.5024,47.4733,0,Flat,0,12000
2025-12-02,NESTE,17.14,1.4802,50.2672,0,Flat,0,12000
2025-12-03,NESTE,17.655,3.0047,55.5163,0,Flat,0,12000
2025-12-04,NESTE,17.365,-1.6426,52.1767,0,Flat,0,12000
2025-12-05,NESTE,18.305,5.4132,60.4761,0,Flat,0,12000
2025-12-08,NESTE,18.34,0.1912,60.7492,0,Flat,0,12000
2025-12-09,NESTE,18.045,-1.6085,57.1635,0,Flat,0,12000
2025-12-10,NESTE,19.08,5.7357,64.9748,0,Flat,0,12000
2025-12-11,NESTE,18.98,-0.5241,63.7649,0,Flat,0,12000
2025-12-12,NESTE,18.315,-3.5037,56.2623,0,Flat,0,12000
2025-12-15,NESTE,18.6,1.5561,58.5151,0,Flat,0,12000
2025-12-16,NESTE,18.215,-2.0699,54.4361,0,Flat,0,12000
2025-12-17,NESTE,18.355,0.7686,55.6469,0,Flat,0,12000
2025-12-18,NESTE,18.42,0.3541,56.2284,0,Flat,0,12000
2025-12-19,NESTE,18.5,0.4343,56.9762,0,Flat,0,12000
2025-12-22,NESTE,18.685,1,58.7319,0,Flat,0,12000
2025-12-23,NESTE,18.885,1.0704,60.6036,0,Flat,0,12000
2025-12-29,NESTE,19.24,1.8798,63.7466,0,Flat,0,12000
2025-12-30,NESTE,19.41,0.8836,65.1793,0,Flat,0,12000
2026-01-02,NESTE,19.92,2.6275,69.1216,0,Flat,0,12000
2026-01-05,NESTE,20.31,1.9578,71.7551,0,Short,1,12000
2026-01-07,NESTE,20.02,-1.4279,67.1678,0,Flat,0,12000
2026-01-08,NESTE,19.59,-2.1479,60.9461,0,Flat,0,12000
2026-01-09,NESTE,19.87,1.4293,63.3282,0,Flat,0,12000
2026-01-12,NESTE,19.91,0.2013,63.6691,0,Flat,0,12000
2026-01-13,NESTE,20.38,2.3606,67.4931,0,Flat,0,12000
2026-01-14,NESTE,20.27,-0.5397,65.7488,0,Flat,0,12000
2026-01-15,NESTE,20.55,1.3813,68.0148,0,Flat,0,12000
2026-01-16,NESTE,20.2,-1.7032,62.4529,0,Flat,0,12000
2026-01-19,NESTE,19.7,-2.4752,55.474,0,Flat,0,12000
2026-01-20,NESTE,19.84,0.7107,56.9254,0,Flat,0,12000
2026-01-21,NESTE,20.36,2.621,61.8941,0,Flat,0,12000
2026-01-22,NESTE,20.83,2.3084,65.7407,0,Flat,0,12000
2026-01-23,NESTE,20.72,-0.5281,64.1096,0,Flat,0,12000
2026-01-26,NESTE,21.99,6.1293,72.5712,0,Short,1,12000
2026-01-27,NESTE,21.68,-1.4097,68.3361,0,Flat,0,12000
2026-01-28,NESTE,21.36,-1.476,64.1729,0,Flat,0,12000
2026-01-29,NESTE,21.41,0.2341,64.5364,0,Flat,0,12000
2026-01-30,NESTE,21.56,0.7006,65.6621,0,Flat,0,12000
2026-02-02,NESTE,21.35,-0.974,62.6631,0,Flat,0,12000
2026-02-03,NESTE,21.61,1.2178,64.8064,0,Flat,0,12000
2026-02-04,NESTE,21.51,-0.4628,63.3013,0,Flat,0,12000
2026-02-05,NESTE,20.63,-4.0911,51.8825,0,Flat,0,12000
2026-02-06,NESTE,21.14,2.4721,56.7516,0,Flat,0,12000
2026-02-09,NESTE,20.87,-1.2772,53.656,0,Flat,0,12000
2026-02-10,NESTE,20.41,-2.2041,48.7747,0,Flat,0,12000
2026-02-11,NESTE,21.04,3.0867,54.8349,0,Flat,0,12000
2026-02-12,NESTE,20.51,-2.519,49.5265,0,Flat,0,12000
2026-02-13,NESTE,20.75,1.1702,51.8019,0,Flat,0,12000
2026-02-16,NESTE,20.54,-1.012,49.691,0,Flat,0,12000
2026-02-17,NESTE,20.5,-0.1947,49.2791,0,Flat,0,12000
2026-02-18,NESTE,20.97,2.2927,54.0943,0,Flat,0,12000
2026-02-19,NESTE,21.45,2.289,58.4344,0,Flat,0,12000
2026-02-20,NESTE,21.29,-0.7459,56.5163,0,Flat,0,12000
2026-02-23,NESTE,21.07,-1.0334,53.8966,0,Flat,0,12000
2026-02-24,NESTE,21.21,0.6644,55.3161,0,Flat,0,12000
2026-02-25,NESTE,21.36,0.7072,56.849,0,Flat,0,12000
2026-02-26,NESTE,21.3,-0.2809,56.0211,0,Flat,0,12000
2026-02-27,NESTE,21.18,-0.5634,54.3174,0,Flat,0,12000
2026-03-02,NESTE,22.68,7.0822,67.587,0,Flat,0,12000
2026-03-03,NESTE,22.71,0.1323,67.7885,0,Flat,0,12000
2026-03-04,NESTE,22.53,-0.7926,65.1703,0,Flat,0,12000
2026-03-05,NESTE,24.62,9.2765,76.5132,0,Short,1,12000
2026-03-06,NESTE,25.06,1.7872,78.1282,0,Short,1,12000
2026-03-09,NESTE,24.95,-0.4389,76.7082,0,Short,1,12000
2026-03-10,NESTE,24.5,-1.8036,71.0212,0,Short,1,12000
2026-03-11,NESTE,25.41,3.7143,75.0496,0,Short,1,12000
2026-03-12,NESTE,27.89,9.7599,82.2793,0,Short,1,12000
2026-03-13,NESTE,27.2,-2.474,75.7064,0,Short,1,12000
2026-03-16,NESTE,27.14,-0.2206,75.1442,0,Short,1,12000
2026-03-17,NESTE,28.73,5.8585,79.4904,0,Short,1,12000
2026-03-18,NESTE,28.76,0.1044,79.563,0,Short,1,12000
2026-03-19,NESTE,29.7,3.2684,81.744,0,Short,1,12000
2026-03-20,NESTE,29.48,-0.7407,79.6029,0,Short,1,12000
2026-03-23,NESTE,27.52,-6.6486,63.6159,0,Flat,0,12000
2026-03-24,NESTE,28.8,4.6512,68.119,0,Flat,0,12000
2026-03-25,NESTE,28.58,-0.7639,66.5934,0,Flat,0,12000
2026-03-26,NESTE,28.36,-0.7698,65.0252,0,Flat,0,12000
2026-03-27,NESTE,26.93,-5.0423,55.8228,0,Flat,0,12000
2026-03-30,NESTE,27.65,2.6736,58.9712,0,Flat,0,12000
2026-03-31,NESTE,27.95,1.085,60.2426,0,Flat,0,12000
2026-04-01,NESTE,26.84,-3.9714,53.6216,0,Flat,0,12000
2026-04-02,NESTE,27.18,1.2668,55.2442,0,Flat,0,12000
2026-04-07,NESTE,26.75,-1.582,52.7315,0,Flat,0,12000
2026-04-08,NESTE,25.33,-5.3084,45.3896,0,Flat,0,12000
2026-04-09,NESTE,26.11,3.0794,49.5452,0,Flat,0,12000
2026-04-10,NESTE,25.68,-1.6469,47.4036,0,Flat,0,12000
2026-04-13,NESTE,25.56,-0.4673,46.7957,0,Flat,0,12000
2026-04-14,NESTE,25.26,-1.1737,45.234,0,Flat,0,12000
2026-04-15,NESTE,24.43,-3.2858,41.1429,0,Flat,0,12000
2026-04-16,NESTE,24.63,0.8187,42.4926,0,Flat,0,12000
2026-04-17,NESTE,23.49,-4.6285,37.2492,0,Flat,0,12000
2026-04-20,NESTE,24.32,3.5334,42.7849,0,Flat,0,12000
2026-04-21,NESTE,24.95,2.5905,46.6331,0,Flat,0,12000
2026-04-22,NESTE,25.38,1.7234,49.1472,0,Flat,0,12000
2026-04-23,NESTE,25.92,2.1277,52.1931,0,Flat,0,12000
2026-04-24,NESTE,26.6,2.6235,55.7846,0,Flat,0,12000
2026-04-27,NESTE,26.79,0.7143,56.762,0,Flat,0,12000
2026-04-28,NESTE,27.69,3.3595,61.1436,0,Flat,0,12000
2026-04-29,NESTE,29.43,6.2839,67.9136,0,Flat,0,12000
2026-04-30,NESTE,29.37,-0.2039,67.477,0,Flat,0,12000
2026-05-04,NESTE,30.3,3.1665,70.6287,0,Short,1,12000
2026-05-05,NESTE,29.51,-2.6073,64.8773,0,Flat,0,12000
2026-05-06,NESTE,28.04,-4.9814,55.7757,0,Flat,0,12000
2026-05-07,NESTE,27.29,-2.6748,51.7841,0,Flat,0,12000
2026-05-08,NESTE,27.35,0.2199,52.0795,0,Flat,0,12000
2026-05-11,NESTE,28.6,4.5704,57.8715,0,Flat,0,12000
2026-05-12,NESTE,28.89,1.014,59.1064,0,Flat,0,12000
2026-05-13,NESTE,28.52,-1.2807,56.818,0,Flat,0,12000
2026-05-15,NESTE,28.56,0.1402,57.0118,0,Flat,0,12000
2026-05-18,NESTE,29.09,1.8557,59.5987,0,Flat,0,12000
2026-05-19,NESTE,28.86,-0.7906,57.9684,0,Flat,0,12000
2026-05-20,NESTE,28.45,-1.4207,55.0762,0,Flat,0,12000
2026-05-21,NESTE,28.41,-0.1406,54.789,0,Flat,0,12000
2026-05-22,NESTE,28.39,-0.0704,54.6356,0,Flat,0,12000
2026-05-25,NESTE,27.28,-3.9098,46.8028,0,Flat,0,12000
2026-05-26,NESTE,27.7,1.5396,49.739,0,Flat,0,12000
2026-05-27,NESTE,27.16,-1.9495,46.2077,0,Flat,0,12000
2026-05-28,NESTE,27.67,1.8778,49.8304,0,Flat,0,12000
2026-05-29,NESTE,28.13,1.6624,52.9109,0,Flat,0,12000
2026-06-01,NESTE,29.84,6.0789,62.202,0,Flat,0,12000
2026-06-02,NESTE,29.45,-1.307,59.3269,0,Flat,0,12000
2026-06-03,NESTE,30.11,2.2411,62.4869,0,Flat,0,12000
2026-06-04,NESTE,29.06,-3.4872,55.1463,0,Flat,0,12000
2026-06-05,NESTE,28.78,-0.9635,53.3466,0,Flat,0,12000
2026-06-08,NESTE,29.12,1.1814,55.2561,0,Flat,0,12000
2026-06-09,NESTE,27.93,-4.0865,47.8709,0,Flat,0,12000
2026-06-10,NESTE,28.34,1.468,50.3339,0,Flat,0,12000
2026-06-11,NESTE,29.25,3.211,55.3738,0,Flat,0,12000
2026-06-12,NESTE,27.71,-5.265,46.7314,0,Flat,0,12000
2026-06-15,NESTE,26.44,-4.5832,41.0425,0,Flat,0,12000
2026-06-16,NESTE,27,2.118,44.2645,0,Flat,0,12000
2026-06-17,NESTE,26.88,-0.4444,43.7132,0,Flat,0,12000
2026-06-18,NESTE,26.33,-2.0461,41.1816,0,Flat,0,12000
2026-06-22,NESTE,26.77,1.6711,43.9769,0,Flat,0,12000
2026-06-23,NESTE,27.09,1.1954,45.9872,0,Flat,0,12000
2026-06-24,NESTE,26.33,-2.8055,42.1212,0,Flat,0,12000
2026-06-25,NESTE,27.25,3.4941,47.8379,0,Flat,0,12000
2026-06-26,NESTE,27.18,-0.2569,47.4538,0,Flat,0,12000
2026-06-29,NESTE,27.59,1.5085,49.9865,0,Flat,0,12000
2026-06-30,NESTE,28.64,3.8057,55.8547,0,Flat,0,12000
2026-07-01,NESTE,27.56,-3.7709,49.4303,0,Flat,0,12000
2026-07-02,NESTE,27.96,1.4514,51.6485,0,Flat,0,12000
2026-07-03,NESTE,28.25,1.0372,53.2496,0,Flat,0,12000
2026-07-06,NESTE,27.88,-1.3097,50.9323,0,Flat,0,12000
2026-07-07,NESTE,27.43,-1.6141,48.1857,0,Flat,0,12000
2026-07-08,NESTE,28.44,3.6821,54.1606,0,Flat,0,12000
2026-07-09,NESTE,29.1,2.3207,57.6012,0,Flat,0,12000
2026-07-10,NESTE,29.68,1.9931,60.4133,0,Flat,0,12000
2026-07-13,NESTE,30.7,3.4367,64.8309,0,Flat,0,12000
2026-07-14,NESTE,31.1,1.3029,66.4137,0,Flat,0,12000
2026-07-15,NESTE,30.96,-0.4502,65.3058,0,Flat,0,12000
2026-07-16,NESTE,31.53,1.8411,67.6704,0,Flat,0,12000
2026-07-17,NESTE,32.27,2.347,70.4831,0,Short,1,12000
2026-07-20,NESTE,33.33,3.2848,73.9757,0,Short,1,12000
2026-07-21,NESTE,33.07,-0.7801,71.7336,0,Short,1,12000
2026-07-22,NESTE,33.18,0.3326,72.1186,0,Short,1,12000
2026-07-23,NESTE,33.59,1.2357,73.564,0,Short,1,12000
2026-07-24,NESTE,31.43,-6.4305,56.8448,1,Flat,0,12000
2025-07-24,NDA-FI,12.68,,,0,Flat,0,42000
2025-07-25,NDA-FI,12.6,-0.6309,,0,Flat,0,42000
2025-07-28,NDA-FI,12.61,0.0794,,0,Flat,0,42000
2025-07-29,NDA-FI,12.685,0.5948,,0,Flat,0,42000
2025-07-30,NDA-FI,12.87,1.4584,,0,Flat,0,42000
2025-07-31,NDA-FI,12.8,-0.5439,,0,Flat,0,42000
2025-08-01,NDA-FI,12.63,-1.3281,,0,Flat,0,42000
2025-08-04,NDA-FI,12.83,1.5835,,0,Flat,0,42000
2025-08-05,NDA-FI,12.765,-0.5066,,0,Flat,0,42000
2025-08-06,NDA-FI,12.855,0.705,,0,Flat,0,42000
2025-08-07,NDA-FI,13.025,1.3224,,0,Flat,0,42000
2025-08-08,NDA-FI,13.155,0.9981,,0,Flat,0,42000
2025-08-11,NDA-FI,13.14,-0.114,,0,Flat,0,42000
2025-08-12,NDA-FI,13.245,0.7991,,0,Flat,0,42000
2025-08-13,NDA-FI,13.355,0.8305,72.8814,0,Short,1,42000
2025-08-14,NDA-FI,13.68,2.4336,78.0822,0,Short,1,42000
2025-08-15,NDA-FI,13.715,0.2558,78.5591,0,Short,1,42000
2025-08-18,NDA-FI,13.53,-1.3489,69.9015,0,Flat,0,42000
2025-08-19,NDA-FI,13.55,0.1478,70.2828,0,Short,1,42000
2025-08-20,NDA-FI,13.56,0.0738,70.4842,0,Short,1,42000
2025-08-21,NDA-FI,13.37,-1.4012,61.9028,0,Flat,0,42000
2025-08-22,NDA-FI,13.495,0.9349,64.928,0,Flat,0,42000
2025-08-25,NDA-FI,13.4,-0.704,60.9657,0,Flat,0,42000
2025-08-26,NDA-FI,13.33,-0.5224,58.1497,0,Flat,0,42000
2025-08-27,NDA-FI,13.2,-0.9752,53.2321,0,Flat,0,42000
2025-08-28,NDA-FI,13.12,-0.6061,50.4071,0,Flat,0,42000
2025-08-29,NDA-FI,13.04,-0.6098,47.682,0,Flat,0,42000
2025-09-01,NDA-FI,13.36,2.454,57.5645,0,Flat,0,42000
2025-09-02,NDA-FI,13.27,-0.6736,54.4493,0,Flat,0,42000
2025-09-03,NDA-FI,13.205,-0.4898,52.2501,0,Flat,0,42000
2025-09-04,NDA-FI,13.37,1.2495,56.9982,0,Flat,0,42000
2025-09-05,NDA-FI,13.34,-0.2244,55.9097,0,Flat,0,42000
2025-09-08,NDA-FI,13.53,1.4243,60.991,0,Flat,0,42000
2025-09-09,NDA-FI,13.57,0.2956,61.9844,0,Flat,0,42000
2025-09-10,NDA-FI,13.68,0.8106,64.6502,0,Flat,0,42000
2025-09-11,NDA-FI,13.63,-0.3655,62.5046,0,Flat,0,42000
2025-09-12,NDA-FI,13.695,0.4769,64.1694,0,Flat,0,42000
2025-09-15,NDA-FI,13.84,1.0588,67.6229,0,Flat,0,42000
2025-09-16,NDA-FI,13.72,-0.8671,62.2735,0,Flat,0,42000
2025-09-17,NDA-FI,13.74,0.1458,62.8016,0,Flat,0,42000
2025-09-18,NDA-FI,13.65,-0.655,58.8116,0,Flat,0,42000
2025-09-19,NDA-FI,13.86,1.5385,64.482,0,Flat,0,42000
2025-09-22,NDA-FI,13.745,-0.8297,59.6398,0,Flat,0,42000
2025-09-23,NDA-FI,13.9,1.1277,63.6067,0,Flat,0,42000
2025-09-24,NDA-FI,14,0.7194,65.933,0,Flat,0,42000
2025-09-25,NDA-FI,13.845,-1.1071,59.5762,0,Flat,0,42000
2025-09-26,NDA-FI,14.2,2.5641,67.3423,0,Flat,0,42000
2025-09-29,NDA-FI,14.25,0.3521,68.2671,0,Flat,0,42000
2025-09-30,NDA-FI,13.975,-1.9298,58.4621,0,Flat,0,42000
2025-10-01,NDA-FI,13.96,-0.1073,57.973,0,Flat,0,42000
2025-10-02,NDA-FI,13.86,-0.7163,54.6882,0,Flat,0,42000
2025-10-03,NDA-FI,13.945,0.6133,56.9225,0,Flat,0,42000
2025-10-06,NDA-FI,13.95,0.0359,57.0566,0,Flat,0,42000
2025-10-07,NDA-FI,13.89,-0.4301,54.8494,0,Flat,0,42000
2025-10-08,NDA-FI,13.875,-0.108,54.284,0,Flat,0,42000
2025-10-09,NDA-FI,13.89,0.1081,54.7859,0,Flat,0,42000
2025-10-10,NDA-FI,13.95,0.432,56.8277,0,Flat,0,42000
2025-10-13,NDA-FI,13.955,0.0358,57.002,0,Flat,0,42000
2025-10-14,NDA-FI,14.015,0.43,59.1336,0,Flat,0,42000
2025-10-15,NDA-FI,14.135,0.8562,63.0762,0,Flat,0,42000
2025-10-16,NDA-FI,14.63,3.5019,74.1535,0,Short,1,42000
2025-10-17,NDA-FI,14.395,-1.6063,64.2923,0,Flat,0,42000
2025-10-20,NDA-FI,14.58,1.2852,67.9101,0,Flat,0,42000
2025-10-21,NDA-FI,14.66,0.5487,69.356,0,Flat,0,42000
2025-10-22,NDA-FI,14.695,0.2387,69.9931,0,Flat,0,42000
2025-10-23,NDA-FI,14.675,-0.1361,69.109,0,Flat,0,42000
2025-10-24,NDA-FI,14.555,-0.8177,63.8942,0,Flat,0,42000
2025-10-27,NDA-FI,14.7,0.9962,67.1225,0,Flat,0,42000
2025-10-28,NDA-FI,14.695,-0.034,66.9004,0,Flat,0,42000
2025-10-29,NDA-FI,14.81,0.7826,69.408,0,Flat,0,42000
2025-10-30,NDA-FI,14.97,1.0804,72.5266,0,Short,1,42000
2025-10-31,NDA-FI,14.815,-1.0354,65.5547,0,Flat,0,42000
2025-11-03,NDA-FI,14.87,0.3712,66.7752,0,Flat,0,42000
2025-11-04,NDA-FI,14.74,-0.8742,61.2508,0,Flat,0,42000
2025-11-05,NDA-FI,14.27,-3.1886,46.3281,0,Flat,0,42000
2025-11-06,NDA-FI,14.505,1.6468,52.5526,0,Flat,0,42000
2025-11-07,NDA-FI,14.41,-0.6549,50.0268,0,Flat,0,42000
2025-11-10,NDA-FI,14.63,1.5267,55.3756,0,Flat,0,42000
2025-11-11,NDA-FI,14.91,1.9139,61.0847,0,Flat,0,42000
2025-11-12,NDA-FI,15.12,1.4085,64.7293,0,Flat,0,42000
2025-11-13,NDA-FI,15.145,0.1653,65.1478,0,Flat,0,42000
2025-11-14,NDA-FI,14.865,-1.8488,56.9919,0,Flat,0,42000
2025-11-17,NDA-FI,14.705,-1.0764,52.9153,0,Flat,0,42000
2025-11-18,NDA-FI,14.45,-1.7341,47.1293,0,Flat,0,42000
2025-11-19,NDA-FI,14.42,-0.2076,46.4853,0,Flat,0,42000
2025-11-20,NDA-FI,14.67,1.7337,52.3309,0,Flat,0,42000
2025-11-21,NDA-FI,14.69,0.1363,52.7753,0,Flat,0,42000
2025-11-24,NDA-FI,14.895,1.3955,57.1819,0,Flat,0,42000
2025-11-25,NDA-FI,15.04,0.9735,60.0233,0,Flat,0,42000
2025-11-26,NDA-FI,15.235,1.2965,63.5285,0,Flat,0,42000
2025-11-27,NDA-FI,15.285,0.3282,64.3907,0,Flat,0,42000
2025-11-28,NDA-FI,15.24,-0.2944,62.9484,0,Flat,0,42000
2025-12-01,NDA-FI,15.37,0.853,65.3622,0,Flat,0,42000
2025-12-02,NDA-FI,15.5,0.8458,67.6329,0,Flat,0,42000
2025-12-03,NDA-FI,15.5,0,67.6329,0,Flat,0,42000
2025-12-04,NDA-FI,15.41,-0.5806,64.251,0,Flat,0,42000
2025-12-05,NDA-FI,15.41,0,64.251,0,Flat,0,42000
2025-12-08,NDA-FI,15.465,0.3569,65.4746,0,Flat,0,42000
2025-12-09,NDA-FI,15.485,0.1293,65.9312,0,Flat,0,42000
2025-12-10,NDA-FI,15.56,0.4843,67.6587,0,Flat,0,42000
2025-12-11,NDA-FI,15.69,0.8355,70.4552,0,Short,1,42000
2025-12-12,NDA-FI,15.425,-1.689,59.215,0,Flat,0,42000
2025-12-15,NDA-FI,15.42,-0.0324,59.0237,0,Flat,0,42000
2025-12-16,NDA-FI,15.49,0.454,60.9272,0,Flat,0,42000
2025-12-17,NDA-FI,15.5,0.0646,61.2044,0,Flat,0,42000
2025-12-18,NDA-FI,15.675,1.129,65.7807,0,Flat,0,42000
2025-12-19,NDA-FI,15.825,0.9569,69.1407,0,Flat,0,42000
2025-12-22,NDA-FI,15.84,0.0948,69.4636,0,Flat,0,42000
2025-12-23,NDA-FI,15.97,0.8207,72.1806,0,Short,1,42000
2025-12-29,NDA-FI,15.9,-0.4383,68.6392,0,Flat,0,42000
2025-12-30,NDA-FI,16.085,1.1635,72.4818,0,Short,1,42000
2026-01-02,NDA-FI,16.365,1.7408,77.0627,0,Short,1,42000
2026-01-05,NDA-FI,16.44,0.4583,78.1137,0,Short,1,42000
2026-01-07,NDA-FI,16.205,-1.4294,67.6536,0,Flat,0,42000
2026-01-08,NDA-FI,16.27,0.4011,68.8944,0,Flat,0,42000
2026-01-09,NDA-FI,16.34,0.4302,70.2192,0,Short,1,42000
2026-01-12,NDA-FI,16.355,0.0918,70.509,0,Short,1,42000
2026-01-13,NDA-FI,16.52,1.0089,73.5578,0,Short,1,42000
2026-01-14,NDA-FI,16.66,0.8475,75.84,0,Short,1,42000
2026-01-15,NDA-FI,16.87,1.2605,78.7963,0,Short,1,42000
2026-01-16,NDA-FI,16.805,-0.3853,75.7083,0,Short,1,42000
2026-01-19,NDA-FI,16.46,-2.053,61.8529,0,Flat,0,42000
2026-01-20,NDA-FI,16.415,-0.2734,60.3027,0,Flat,0,42000
2026-01-21,NDA-FI,16.505,0.5483,62.3359,0,Flat,0,42000
2026-01-22,NDA-FI,16.945,2.6659,70.3351,0,Short,1,42000
2026-01-23,NDA-FI,16.63,-1.859,60.4387,0,Flat,0,42000
2026-01-26,NDA-FI,16.805,1.0523,63.5105,0,Flat,0,42000
2026-01-27,NDA-FI,17.02,1.2794,66.9098,0,Flat,0,42000
2026-01-28,NDA-FI,16.745,-1.6157,59.3002,0,Flat,0,42000
2026-01-29,NDA-FI,16.24,-3.0158,48.4116,0,Flat,0,42000
2026-01-30,NDA-FI,16.315,0.4618,49.8834,0,Flat,0,42000
2026-02-02,NDA-FI,16.78,2.8501,57.9026,0,Flat,0,42000
2026-02-03,NDA-FI,16.905,0.7449,59.7663,0,Flat,0,42000
2026-02-04,NDA-FI,16.835,-0.4141,58.2121,0,Flat,0,42000
2026-02-05,NDA-FI,16.515,-1.9008,51.6054,0,Flat,0,42000
2026-02-06,NDA-FI,16.725,1.2716,55.1989,0,Flat,0,42000
2026-02-09,NDA-FI,16.84,0.6876,57.0784,0,Flat,0,42000
2026-02-10,NDA-FI,16.795,-0.2672,56.0868,0,Flat,0,42000
2026-02-11,NDA-FI,16.735,-0.3572,54.7218,0,Flat,0,42000
2026-02-12,NDA-FI,16.425,-1.8524,48.1953,0,Flat,0,42000
2026-02-13,NDA-FI,16.185,-1.4612,43.8363,0,Flat,0,42000
2026-02-16,NDA-FI,16.495,1.9154,50.1127,0,Flat,0,42000
2026-02-17,NDA-FI,16.535,0.2425,50.8755,0,Flat,0,42000
2026-02-18,NDA-FI,16.75,1.3003,54.8701,0,Flat,0,42000
2026-02-19,NDA-FI,16.54,-1.2537,50.5467,0,Flat,0,42000
2026-02-20,NDA-FI,16.775,1.4208,54.8353,0,Flat,0,42000
2026-02-23,NDA-FI,16.75,-0.149,54.2959,0,Flat,0,42000
2026-02-24,NDA-FI,16.65,-0.597,52.0885,0,Flat,0,42000
2026-02-25,NDA-FI,16.705,0.3303,53.2151,0,Flat,0,42000
2026-02-26,NDA-FI,16.625,-0.4789,51.3246,0,Flat,0,42000
2026-02-27,NDA-FI,16.45,-1.0526,47.3611,0,Flat,0,42000
2026-03-02,NDA-FI,16.08,-2.2492,40.2787,0,Flat,0,42000
2026-03-03,NDA-FI,15.57,-3.1716,32.9618,0,Flat,0,42000
2026-03-04,NDA-FI,16.025,2.9223,42.9235,0,Flat,0,42000
2026-03-05,NDA-FI,15.82,-1.2793,40.0368,0,Flat,0,42000
2026-03-06,NDA-FI,15.605,-1.359,37.2104,0,Flat,0,42000
2026-03-09,NDA-FI,15.585,-0.1282,36.9491,0,Flat,0,42000
2026-03-10,NDA-FI,15.975,2.5024,45.0524,0,Flat,0,42000
2026-03-11,NDA-FI,15.945,-0.1878,44.5778,0,Flat,0,42000
2026-03-12,NDA-FI,15.745,-1.2543,41.4433,0,Flat,0,42000
2026-03-13,NDA-FI,15.645,-0.6351,39.9315,0,Flat,0,42000
2026-03-16,NDA-FI,15.815,1.0866,43.6921,0,Flat,0,42000
2026-03-17,NDA-FI,15.895,0.5059,45.4237,0,Flat,0,42000
2026-03-18,NDA-FI,15.96,0.4089,46.8537,0,Flat,0,42000
2026-03-19,NDA-FI,15.62,-2.1303,40.8274,0,Flat,0,42000
2026-03-20,NDA-FI,15.325,-1.8886,36.4472,0,Flat,0,42000
2026-03-23,NDA-FI,15.49,1.0767,40.3049,0,Flat,0,42000
2026-03-24,NDA-FI,15.065,-2.7437,34.4964,0,Flat,0,42000
2026-03-25,NDA-FI,14.45,-4.0823,28.17,0,Long,1,42000
2026-03-26,NDA-FI,14.29,-1.1073,26.7933,0,Long,1,42000
2026-03-27,NDA-FI,14.29,0,26.7933,0,Long,1,42000
2026-03-30,NDA-FI,14.54,1.7495,32.7491,0,Flat,0,42000
2026-03-31,NDA-FI,14.675,0.9285,35.7871,0,Flat,0,42000
2026-04-01,NDA-FI,15.175,3.4072,45.5908,0,Flat,0,42000
2026-04-02,NDA-FI,15.145,-0.1977,45.1454,0,Flat,0,42000
2026-04-07,NDA-FI,14.97,-1.1555,42.5351,0,Flat,0,42000
2026-04-08,NDA-FI,15.725,5.0434,54.7035,0,Flat,0,42000
2026-04-09,NDA-FI,15.48,-1.558,50.9343,0,Flat,0,42000
2026-04-10,NDA-FI,15.79,2.0026,55.1456,0,Flat,0,42000
2026-04-13,NDA-FI,15.89,0.6333,56.4443,0,Flat,0,42000
2026-04-14,NDA-FI,16.21,2.0138,60.3959,0,Flat,0,42000
2026-04-15,NDA-FI,16.15,-0.3701,59.3094,0,Flat,0,42000
2026-04-16,NDA-FI,15.89,-1.6099,54.7158,0,Flat,0,42000
2026-04-17,NDA-FI,16.015,0.7867,56.4617,0,Flat,0,42000
2026-04-20,NDA-FI,15.875,-0.8742,53.9528,0,Flat,0,42000
2026-04-21,NDA-FI,15.9,0.1575,54.3429,0,Flat,0,42000
2026-04-22,NDA-FI,15.96,0.3774,55.3214,0,Flat,0,42000
2026-04-23,NDA-FI,15.815,-0.9085,52.3989,0,Flat,0,42000
2026-04-24,NDA-FI,15.68,-0.8536,49.7631,0,Flat,0,42000
2026-04-27,NDA-FI,15.8,0.7653,52.071,0,Flat,0,42000
2026-04-28,NDA-FI,15.845,0.2848,52.9441,0,Flat,0,42000
2026-04-29,NDA-FI,15.865,0.1262,53.3508,0,Flat,0,42000
2026-04-30,NDA-FI,15.99,0.7879,55.9153,0,Flat,0,42000
2026-05-04,NDA-FI,15.66,-2.0638,48.3571,0,Flat,0,42000
2026-05-05,NDA-FI,15.73,0.447,49.904,0,Flat,0,42000
2026-05-06,NDA-FI,15.9,1.0807,53.5434,0,Flat,0,42000
2026-05-07,NDA-FI,15.65,-1.5723,48.0186,0,Flat,0,42000
2026-05-08,NDA-FI,15.57,-0.5112,46.3698,0,Flat,0,42000
2026-05-11,NDA-FI,15.58,0.0642,46.6166,0,Flat,0,42000
2026-05-12,NDA-FI,15.465,-0.7381,44.1034,0,Flat,0,42000
2026-05-13,NDA-FI,15.445,-0.1293,43.6626,0,Flat,0,42000
2026-05-15,NDA-FI,15.42,-0.1619,43.0828,0,Flat,0,42000
2026-05-18,NDA-FI,15.735,2.0428,51.7719,0,Flat,0,42000
2026-05-19,NDA-FI,15.85,0.7309,54.5027,0,Flat,0,42000
2026-05-20,NDA-FI,16.165,1.9874,61.0144,0,Flat,0,42000
2026-05-21,NDA-FI,16.21,0.2784,61.8543,0,Flat,0,42000
2026-05-22,NDA-FI,16.39,1.1104,65.0938,0,Flat,0,42000
2026-05-25,NDA-FI,16.77,2.3185,70.7427,0,Short,1,42000
2026-05-26,NDA-FI,16.525,-1.4609,63.5967,0,Flat,0,42000
2026-05-27,NDA-FI,16.53,0.0303,63.6773,0,Flat,0,42000
2026-05-28,NDA-FI,16.4,-0.7865,59.9584,0,Flat,0,42000
2026-05-29,NDA-FI,16.555,0.9451,62.7517,0,Flat,0,42000
2026-06-01,NDA-FI,16.23,-1.9632,54.2122,0,Flat,0,42000
2026-06-02,NDA-FI,16.21,-0.1232,53.7276,0,Flat,0,42000
2026-06-03,NDA-FI,16.065,-0.8945,50.2228,0,Flat,0,42000
2026-06-04,NDA-FI,16.165,0.6225,52.523,0,Flat,0,42000
2026-06-05,NDA-FI,16.135,-0.1856,51.7504,0,Flat,0,42000
2026-06-08,NDA-FI,16.08,-0.3409,50.2899,0,Flat,0,42000
2026-06-09,NDA-FI,16.005,-0.4664,48.2885,0,Flat,0,42000
2026-06-10,NDA-FI,15.84,-1.0309,44.1279,0,Flat,0,42000
2026-06-11,NDA-FI,15.885,0.2841,45.5069,0,Flat,0,42000
2026-06-12,NDA-FI,16.35,2.9273,57.2491,0,Flat,0,42000
2026-06-15,NDA-FI,16.525,1.0703,60.6828,0,Flat,0,42000
2026-06-16,NDA-FI,16.475,-0.3026,59.2193,0,Flat,0,42000
2026-06-17,NDA-FI,16.61,0.8194,61.8917,0,Flat,0,42000
2026-06-18,NDA-FI,16.42,-1.1439,56.2998,0,Flat,0,42000
2026-06-22,NDA-FI,16.815,2.4056,63.6522,0,Flat,0,42000
2026-06-23,NDA-FI,16.435,-2.2599,54.204,0,Flat,0,42000
2026-06-24,NDA-FI,16.22,-1.3082,49.7083,0,Flat,0,42000
2026-06-25,NDA-FI,16.215,-0.0308,49.6052,0,Flat,0,42000
2026-06-26,NDA-FI,16.305,0.555,51.552,0,Flat,0,42000
2026-06-29,NDA-FI,16.39,0.5213,53.3836,0,Flat,0,42000
2026-06-30,NDA-FI,16.6,1.2813,57.6441,0,Flat,0,42000
2026-07-01,NDA-FI,16.495,-0.6325,54.9404,0,Flat,0,42000
2026-07-02,NDA-FI,16.865,2.2431,61.7489,0,Flat,0,42000
2026-07-03,NDA-FI,16.995,0.7708,63.8175,0,Flat,0,42000
2026-07-06,NDA-FI,17.055,0.353,64.7647,0,Flat,0,42000
2026-07-07,NDA-FI,17.095,0.2345,65.4146,0,Flat,0,42000
2026-07-08,NDA-FI,16.65,-2.6031,53.5743,0,Flat,0,42000
2026-07-09,NDA-FI,16.84,1.1411,57.1413,0,Flat,0,42000
2026-07-10,NDA-FI,16.815,-0.1485,56.5259,0,Flat,0,42000
2026-07-13,NDA-FI,16.78,-0.2081,55.6227,0,Flat,0,42000
2026-07-14,NDA-FI,16.955,1.0429,59.1383,0,Flat,0,42000
2026-07-15,NDA-FI,16.89,-0.3834,57.3219,0,Flat,0,42000
2026-07-16,NDA-FI,17.02,0.7697,59.9701,0,Flat,0,42000
2026-07-17,NDA-FI,17.04,0.1175,60.3775,0,Flat,0,42000
2026-07-20,NDA-FI,17.105,0.3814,61.7401,0,Flat,0,42000
2026-07-21,NDA-FI,17.255,0.8769,64.7527,0,Flat,0,42000
2026-07-22,NDA-FI,17.47,1.246,68.5724,0,Flat,0,42000
2026-07-23,NDA-FI,17.02,-2.5758,55.1107,0,Flat,0,42000
2026-07-24,NDA-FI,17.275,1.4982,59.9131,1,Flat,0,42000
2026-07-24,UPM,22.46,1.0346,38.256,1,Flat,0,14000
2026-07-24,STERV,9.38,2.2678,47.1236,1,Flat,0,8000
2026-07-24,FORTUM,20.5,-1.014,54.6666,1,Flat,0,15000
2026-07-24,ORNBV,78.45,-0.8217,66.6149,1,Flat,0,7000
2026-07-24,WRT1V,30.8,0.7194,45.5085,1,Flat,0,11000
2026-07-24,ELISA,34.4,0,33.1397,1,Flat,0,7000
2026-07-24,KALMAR,37.58,-0.5294,43.3182,1,Flat,0,2500
2026-07-24,HIAB,58.7,2.7122,61.824,1,Flat,0,2500
2025-07-24,VOLV-B,286.7,,,0,Flat,0,55000
2025-07-25,VOLV-B,287.5,0.279,,0,Flat,0,55000
2025-07-28,VOLV-B,284.2,-1.1478,,0,Flat,0,55000
2025-07-29,VOLV-B,280.9,-1.1612,,0,Flat,0,55000
2025-07-30,VOLV-B,283.6,0.9612,,0,Flat,0,55000
2025-07-31,VOLV-B,281.2,-0.8463,,0,Flat,0,55000
2025-08-01,VOLV-B,273.3,-2.8094,,0,Flat,0,55000
2025-08-04,VOLV-B,271.6,-0.622,,0,Flat,0,55000
2025-08-05,VOLV-B,272.9,0.4786,,0,Flat,0,55000
2025-08-06,VOLV-B,277.4,1.649,,0,Flat,0,55000
2025-08-07,VOLV-B,285.1,2.7758,,0,Flat,0,55000
2025-08-08,VOLV-B,288.9,1.3329,,0,Flat,0,55000
2025-08-11,VOLV-B,287.9,-0.3461,,0,Flat,0,55000
2025-08-12,VOLV-B,290.2,0.7989,,0,Flat,0,55000
2025-08-13,VOLV-B,290.1,-0.0345,53.972,0,Flat,0,55000
2025-08-14,VOLV-B,292.1,0.6894,56.1773,0,Flat,0,55000
2025-08-15,VOLV-B,293.6,0.5135,57.81,0,Flat,0,55000
2025-08-18,VOLV-B,288.8,-1.6349,51.2321,0,Flat,0,55000
2025-08-19,VOLV-B,297.1,2.874,59.7587,0,Flat,0,55000
2025-08-20,VOLV-B,296.5,-0.202,58.9562,0,Flat,0,55000
2025-08-21,VOLV-B,293.6,-0.9781,55.1046,0,Flat,0,55000
2025-08-22,VOLV-B,300,2.1798,61.1385,0,Flat,0,55000
2025-08-25,VOLV-B,296.1,-1.3,56.1832,0,Flat,0,55000
2025-08-26,VOLV-B,294.5,-0.5404,54.2408,0,Flat,0,55000
2025-08-27,VOLV-B,291.7,-0.9508,50.923,0,Flat,0,55000
2025-08-28,VOLV-B,292.3,0.2057,51.6061,0,Flat,0,55000
2025-08-29,VOLV-B,290.9,-0.479,49.8621,0,Flat,0,55000
2025-09-01,VOLV-B,288.5,-0.825,46.9338,0,Flat,0,55000
2025-09-02,VOLV-B,278.9,-3.3276,37.4579,0,Flat,0,55000
2025-09-03,VOLV-B,276.9,-0.7171,35.8346,0,Flat,0,55000
2025-09-04,VOLV-B,277.1,0.0722,36.1327,0,Flat,0,55000
2025-09-05,VOLV-B,276.9,-0.0722,35.9529,0,Flat,0,55000
2025-09-08,VOLV-B,274.1,-1.0112,33.4431,0,Flat,0,55000
2025-09-09,VOLV-B,274.1,0,33.4431,0,Flat,0,55000
2025-09-10,VOLV-B,272.7,-0.5108,32.142,0,Flat,0,55000
2025-09-11,VOLV-B,274.7,0.7334,35.9742,0,Flat,0,55000
2025-09-12,VOLV-B,273.6,-0.4004,34.8098,0,Flat,0,55000
2025-09-15,VOLV-B,272.8,-0.2924,33.9491,0,Flat,0,55000
2025-09-16,VOLV-B,274.5,0.6232,37.4862,0,Flat,0,55000
2025-09-17,VOLV-B,275,0.1821,38.5288,0,Flat,0,55000
2025-09-18,VOLV-B,276.2,0.4364,41.0692,0,Flat,0,55000
2025-09-19,VOLV-B,275.4,-0.2897,39.8858,0,Flat,0,55000
2025-09-22,VOLV-B,272.8,-0.9441,36.2317,0,Flat,0,55000
2025-09-23,VOLV-B,278,1.9062,46.7409,0,Flat,0,55000
2025-09-24,VOLV-B,272.5,-1.9784,39.3535,0,Flat,0,55000
2025-09-25,VOLV-B,267,-2.0183,33.6295,0,Flat,0,55000
2025-09-26,VOLV-B,276,3.3708,47.1707,0,Flat,0,55000
2025-09-29,VOLV-B,269.9,-2.2101,41.0565,0,Flat,0,55000
2025-09-30,VOLV-B,269.5,-0.1482,40.6841,0,Flat,0,55000
2025-10-01,VOLV-B,270,0.1855,41.3996,0,Flat,0,55000
2025-10-02,VOLV-B,274.3,1.5926,47.2885,0,Flat,0,55000
2025-10-03,VOLV-B,275.8,0.5468,49.2061,0,Flat,0,55000
2025-10-06,VOLV-B,275.7,-0.0362,49.0779,0,Flat,0,55000
2025-10-07,VOLV-B,269.6,-2.2126,41.9065,0,Flat,0,55000
2025-10-08,VOLV-B,269.5,-0.0371,41.7987,0,Flat,0,55000
2025-10-09,VOLV-B,268,-0.5566,40.1307,0,Flat,0,55000
2025-10-10,VOLV-B,267,-0.3731,39.0129,0,Flat,0,55000
2025-10-13,VOLV-B,265.7,-0.4869,37.5488,0,Flat,0,55000
2025-10-14,VOLV-B,264.2,-0.5645,35.8757,0,Flat,0,55000
2025-10-15,VOLV-B,265.2,0.3785,37.8634,0,Flat,0,55000
2025-10-16,VOLV-B,268.2,1.1312,43.5198,0,Flat,0,55000
2025-10-17,VOLV-B,247.4,-7.7554,25.9092,0,Long,1,55000
2025-10-20,VOLV-B,255.9,3.4357,37.1091,0,Flat,0,55000
2025-10-21,VOLV-B,258.4,0.9769,39.9828,0,Flat,0,55000
2025-10-22,VOLV-B,256.4,-0.774,38.4684,0,Flat,0,55000
2025-10-23,VOLV-B,258,0.624,40.4128,0,Flat,0,55000
2025-10-24,VOLV-B,260.5,0.969,43.4212,0,Flat,0,55000
2025-10-27,VOLV-B,261.1,0.2303,44.15,0,Flat,0,55000
2025-10-28,VOLV-B,260.7,-0.1532,43.7455,0,Flat,0,55000
2025-10-29,VOLV-B,262.3,0.6137,45.8816,0,Flat,0,55000
2025-10-30,VOLV-B,261.4,-0.3431,44.8499,0,Flat,0,55000
2025-10-31,VOLV-B,262,0.2295,45.7261,0,Flat,0,55000
2025-11-03,VOLV-B,258.2,-1.4504,41.2557,0,Flat,0,55000
2025-11-04,VOLV-B,257.7,-0.1936,40.692,0,Flat,0,55000
2025-11-05,VOLV-B,263.5,2.2507,49.3395,0,Flat,0,55000
2025-11-06,VOLV-B,261.2,-0.8729,46.4474,0,Flat,0,55000
2025-11-07,VOLV-B,261.1,-0.0383,46.3202,0,Flat,0,55000
2025-11-10,VOLV-B,264.1,1.149,50.6815,0,Flat,0,55000
2025-11-11,VOLV-B,267.8,1.401,55.4851,0,Flat,0,55000
2025-11-12,VOLV-B,268.4,0.2241,56.2296,0,Flat,0,55000
2025-11-13,VOLV-B,267.7,-0.2608,55.0724,0,Flat,0,55000
2025-11-14,VOLV-B,266.5,-0.4483,53.0564,0,Flat,0,55000
2025-11-17,VOLV-B,263.9,-0.9756,48.8814,0,Flat,0,55000
2025-11-18,VOLV-B,261,-1.0989,44.66,0,Flat,0,55000
2025-11-19,VOLV-B,267.8,2.6054,54.5676,0,Flat,0,55000
2025-11-20,VOLV-B,266.1,-0.6348,52.0584,0,Flat,0,55000
2025-11-21,VOLV-B,269.4,1.2401,56.2629,0,Flat,0,55000
2025-11-24,VOLV-B,274.1,1.7446,61.4486,0,Flat,0,55000
2025-11-25,VOLV-B,281.7,2.7727,68.0461,0,Flat,0,55000
2025-11-26,VOLV-B,283,0.4615,69.0227,0,Flat,0,55000
2025-11-27,VOLV-B,284.5,0.53,70.156,0,Short,1,55000
2025-11-28,VOLV-B,282.8,-0.5975,67.1572,0,Flat,0,55000
2025-12-01,VOLV-B,282.9,0.0354,67.2458,0,Flat,0,55000
2025-12-02,VOLV-B,282.6,-0.106,66.6642,0,Flat,0,55000
2025-12-03,VOLV-B,279.6,-1.0616,60.9838,0,Flat,0,55000
2025-12-04,VOLV-B,288.5,3.1831,69.3325,0,Flat,0,55000
2025-12-05,VOLV-B,296.6,2.8076,74.6493,0,Short,1,55000
2025-12-08,VOLV-B,296.2,-0.1349,73.9673,0,Short,1,55000
2025-12-09,VOLV-B,290,-2.0932,64.1801,0,Flat,0,55000
2025-12-10,VOLV-B,290,0,64.1801,0,Flat,0,55000
2025-12-11,VOLV-B,296,2.069,68.8118,0,Flat,0,55000
2025-12-12,VOLV-B,296.4,0.1351,69.0986,0,Flat,0,55000
2025-12-15,VOLV-B,295.2,-0.4049,67.1045,0,Flat,0,55000
2025-12-16,VOLV-B,292,-1.084,61.9687,0,Flat,0,55000
2025-12-17,VOLV-B,290.8,-0.411,60.1108,0,Flat,0,55000
2025-12-18,VOLV-B,294.4,1.238,63.6334,0,Flat,0,55000
2025-12-19,VOLV-B,294.2,-0.0679,63.299,0,Flat,0,55000
2025-12-22,VOLV-B,292.8,-0.4759,60.8866,0,Flat,0,55000
2025-12-23,VOLV-B,291.9,-0.3074,59.3215,0,Flat,0,55000
2025-12-29,VOLV-B,293.8,0.6509,61.5675,0,Flat,0,55000
2025-12-30,VOLV-B,295.9,0.7148,63.9376,0,Flat,0,55000
2026-01-02,VOLV-B,297.8,0.6421,65.9817,0,Flat,0,55000
2026-01-05,VOLV-B,298.7,0.3022,66.9377,0,Flat,0,55000
2026-01-07,VOLV-B,305,2.1091,72.7174,0,Short,1,55000
2026-01-08,VOLV-B,306.7,0.5574,74.0363,0,Short,1,55000
2026-01-09,VOLV-B,309.3,0.8477,75.9512,0,Short,1,55000
2026-01-12,VOLV-B,310.2,0.291,76.5947,0,Short,1,55000
2026-01-13,VOLV-B,307.4,-0.9026,70.2929,0,Short,1,55000
2026-01-14,VOLV-B,308,0.1952,70.8464,0,Short,1,55000
2026-01-15,VOLV-B,315.5,2.4351,76.6925,0,Short,1,55000
2026-01-16,VOLV-B,312.4,-0.9826,70.4078,0,Short,1,55000
2026-01-19,VOLV-B,306.5,-1.8886,60.2828,0,Flat,0,55000
2026-01-20,VOLV-B,304.9,-0.522,57.8531,0,Flat,0,55000
2026-01-21,VOLV-B,311.5,2.1646,64.2535,0,Flat,0,55000
2026-01-22,VOLV-B,315.8,1.3804,67.6955,0,Flat,0,55000
2026-01-23,VOLV-B,315.1,-0.2217,66.5717,0,Flat,0,55000
2026-01-26,VOLV-B,315.6,0.1587,66.9932,0,Flat,0,55000
2026-01-27,VOLV-B,315.4,-0.0634,66.6313,0,Flat,0,55000
2026-01-28,VOLV-B,323.7,2.6316,73.1207,0,Short,1,55000
2026-01-29,VOLV-B,323,-0.2163,71.8516,0,Short,1,55000
2026-01-30,VOLV-B,324,0.3096,72.5837,0,Short,1,55000
2026-02-02,VOLV-B,330.4,1.9753,76.7512,0,Short,1,55000
2026-02-03,VOLV-B,340.5,3.0569,81.5242,0,Short,1,55000
2026-02-04,VOLV-B,349.3,2.5844,84.5085,0,Short,1,55000
2026-02-05,VOLV-B,346.3,-0.8589,79.7777,0,Short,1,55000
2026-02-06,VOLV-B,345.7,-0.1733,78.8272,0,Short,1,55000
2026-02-09,VOLV-B,342.9,-0.81,74.3741,0,Short,1,55000
2026-02-10,VOLV-B,343.4,0.1458,74.6495,0,Short,1,55000
2026-02-11,VOLV-B,348.4,1.456,77.2792,0,Short,1,55000
2026-02-12,VOLV-B,348.2,-0.0574,76.9354,0,Short,1,55000
2026-02-13,VOLV-B,343.7,-1.2924,69.4493,0,Flat,0,55000
2026-02-16,VOLV-B,343.2,-0.1455,68.65,0,Flat,0,55000
2026-02-17,VOLV-B,341,-0.641,65.0998,0,Flat,0,55000
2026-02-18,VOLV-B,345.7,1.3783,68.8107,0,Flat,0,55000
2026-02-19,VOLV-B,347.2,0.4339,69.9104,0,Flat,0,55000
2026-02-20,VOLV-B,351.1,1.1233,72.6139,0,Short,1,55000
2026-02-23,VOLV-B,350.1,-0.2848,70.8559,0,Short,1,55000
2026-02-24,VOLV-B,353.2,0.8855,73.0353,0,Short,1,55000
2026-02-25,VOLV-B,349.8,-0.9626,67.1079,0,Flat,0,55000
2026-02-26,VOLV-B,350.4,0.1715,67.6075,0,Flat,0,55000
2026-02-27,VOLV-B,351.8,0.3995,68.7984,0,Flat,0,55000
2026-03-02,VOLV-B,344.5,-2.075,57.0256,0,Flat,0,55000
2026-03-03,VOLV-B,333,-3.3382,44.1953,0,Flat,0,55000
2026-03-04,VOLV-B,340,2.1021,51.3679,0,Flat,0,55000
2026-03-05,VOLV-B,335.5,-1.3235,47.1705,0,Flat,0,55000
2026-03-06,VOLV-B,329.2,-1.8778,41.9967,0,Flat,0,55000
2026-03-09,VOLV-B,321.2,-2.4301,36.5191,0,Flat,0,55000
2026-03-10,VOLV-B,333.7,3.8917,47.944,0,Flat,0,55000
2026-03-11,VOLV-B,331.7,-0.5993,46.502,0,Flat,0,55000
2026-03-12,VOLV-B,334.1,0.7235,48.5036,0,Flat,0,55000
2026-03-13,VOLV-B,324,-3.023,41.4713,0,Flat,0,55000
2026-03-16,VOLV-B,320.3,-1.142,39.2275,0,Flat,0,55000
2026-03-17,VOLV-B,319.6,-0.2185,38.7998,0,Flat,0,55000
2026-03-18,VOLV-B,312.4,-2.2528,34.6188,0,Flat,0,55000
2026-03-19,VOLV-B,294.8,-5.6338,26.9685,0,Long,1,55000
2026-03-20,VOLV-B,288.1,-2.2727,24.7282,0,Long,1,55000
2026-03-23,VOLV-B,297.3,3.1933,32.9631,0,Flat,0,55000
2026-03-24,VOLV-B,299.8,0.8409,35.0428,0,Flat,0,55000
2026-03-25,VOLV-B,303.8,1.3342,38.3388,0,Flat,0,55000
2026-03-26,VOLV-B,300.4,-1.1192,36.6371,0,Flat,0,55000
2026-03-27,VOLV-B,300.1,-0.0999,36.4832,0,Flat,0,55000
2026-03-30,VOLV-B,300.2,0.0333,36.5788,0,Flat,0,55000
2026-03-31,VOLV-B,305.5,1.7655,41.5971,0,Flat,0,55000
2026-04-01,VOLV-B,314.7,3.0115,49.1227,0,Flat,0,55000
2026-04-02,VOLV-B,308.6,-1.9384,44.9838,0,Flat,0,55000
2026-04-07,VOLV-B,308.8,0.0648,45.147,0,Flat,0,55000
2026-04-08,VOLV-B,332.6,7.7073,60.2552,0,Flat,0,55000
2026-04-09,VOLV-B,322.4,-3.0668,53.4593,0,Flat,0,55000
2026-04-10,VOLV-B,326.3,1.2097,55.5248,0,Flat,0,55000
2026-04-13,VOLV-B,320.6,-1.7469,51.8995,0,Flat,0,55000
2026-04-14,VOLV-B,322.8,0.6862,53.1704,0,Flat,0,55000
2026-04-15,VOLV-B,318.6,-1.3011,50.4309,0,Flat,0,55000
2026-04-16,VOLV-B,316.1,-0.7847,48.8186,0,Flat,0,55000
2026-04-17,VOLV-B,328.3,3.8595,56.1811,0,Flat,0,55000
2026-04-20,VOLV-B,322.8,-1.6753,52.5136,0,Flat,0,55000
2026-04-21,VOLV-B,320.1,-0.8364,50.7617,0,Flat,0,55000
2026-04-22,VOLV-B,317.9,-0.6873,49.318,0,Flat,0,55000
2026-04-23,VOLV-B,317.2,-0.2202,48.842,0,Flat,0,55000
2026-04-24,VOLV-B,322.1,1.5448,52.3117,0,Flat,0,55000
2026-04-27,VOLV-B,319.5,-0.8072,50.3599,0,Flat,0,55000
2026-04-28,VOLV-B,320.5,0.313,51.1154,0,Flat,0,55000
2026-04-29,VOLV-B,318.2,-0.7176,49.2586,0,Flat,0,55000
2026-04-30,VOLV-B,319.1,0.2828,50.0236,0,Flat,0,55000
2026-05-04,VOLV-B,312.7,-2.0056,44.8456,0,Flat,0,55000
2026-05-05,VOLV-B,318,1.6949,49.5068,0,Flat,0,55000
2026-05-06,VOLV-B,330.6,3.9623,58.4887,0,Flat,0,55000
2026-05-07,VOLV-B,327.8,-0.847,56.1005,0,Flat,0,55000
2026-05-08,VOLV-B,323.8,-1.2203,52.7846,0,Flat,0,55000
2026-05-11,VOLV-B,324.2,0.1235,53.0833,0,Flat,0,55000
2026-05-12,VOLV-B,319,-1.604,48.7651,0,Flat,0,55000
2026-05-13,VOLV-B,318,-0.3135,47.9572,0,Flat,0,55000
2026-05-15,VOLV-B,317.2,-0.2516,47.2823,0,Flat,0,55000
2026-05-18,VOLV-B,313.4,-1.198,44.1071,0,Flat,0,55000
2026-05-19,VOLV-B,310.2,-1.0211,41.5752,0,Flat,0,55000
2026-05-20,VOLV-B,312.8,0.8382,44.3694,0,Flat,0,55000
2026-05-21,VOLV-B,313.1,0.0959,44.6981,0,Flat,0,55000
2026-05-22,VOLV-B,314.8,0.543,46.6225,0,Flat,0,55000
2026-05-25,VOLV-B,322,2.2872,53.9341,0,Flat,0,55000
2026-05-26,VOLV-B,320.6,-0.4348,52.4302,0,Flat,0,55000
2026-05-27,VOLV-B,325.2,1.4348,56.7022,0,Flat,0,55000
2026-05-28,VOLV-B,323.4,-0.5535,54.6346,0,Flat,0,55000
2026-05-29,VOLV-B,325.5,0.6494,56.6219,0,Flat,0,55000
2026-06-01,VOLV-B,314.6,-3.3487,45.4842,0,Flat,0,55000
2026-06-02,VOLV-B,327.2,4.0051,56.2077,0,Flat,0,55000
2026-06-03,VOLV-B,327.8,0.1834,56.645,0,Flat,0,55000
2026-06-04,VOLV-B,325.8,-0.6101,54.6846,0,Flat,0,55000
2026-06-05,VOLV-B,321.5,-1.3198,50.6277,0,Flat,0,55000
2026-06-08,VOLV-B,323.6,0.6532,52.4818,0,Flat,0,55000
2026-06-09,VOLV-B,318.9,-1.4524,48.1258,0,Flat,0,55000
2026-06-10,VOLV-B,306,-4.0452,38.6449,0,Flat,0,55000
2026-06-11,VOLV-B,310.2,1.3726,42.6091,0,Flat,0,55000
2026-06-12,VOLV-B,315.1,1.5796,46.9182,0,Flat,0,55000
2026-06-15,VOLV-B,320.2,1.6185,51.0387,0,Flat,0,55000
2026-06-16,VOLV-B,319.4,-0.2498,50.3781,0,Flat,0,55000
2026-06-17,VOLV-B,319,-0.1252,50.0294,0,Flat,0,55000
2026-06-18,VOLV-B,321.6,0.815,52.3386,0,Flat,0,55000
2026-06-22,VOLV-B,321.6,0,52.3386,0,Flat,0,55000
2026-06-23,VOLV-B,317.5,-1.2749,48.26,0,Flat,0,55000
2026-06-24,VOLV-B,318.2,0.2205,48.9909,0,Flat,0,55000
2026-06-25,VOLV-B,329.1,3.4255,58.7597,0,Flat,0,55000
2026-06-26,VOLV-B,324.6,-1.3674,54.1491,0,Flat,0,55000
2026-06-29,VOLV-B,323.5,-0.3389,53.0532,0,Flat,0,55000
2026-06-30,VOLV-B,329.5,1.8547,58.0413,0,Flat,0,55000
2026-07-01,VOLV-B,327.5,-0.607,55.9089,0,Flat,0,55000
2026-07-02,VOLV-B,332.3,1.4656,59.7325,0,Flat,0,55000
2026-07-03,VOLV-B,337.7,1.625,63.5611,0,Flat,0,55000
2026-07-06,VOLV-B,342.4,1.3918,66.5427,0,Flat,0,55000
2026-07-07,VOLV-B,340.2,-0.6425,63.9067,0,Flat,0,55000
2026-07-08,VOLV-B,333.7,-1.9106,56.7533,0,Flat,0,55000
2026-07-09,VOLV-B,334.4,0.2098,57.3075,0,Flat,0,55000
2026-07-10,VOLV-B,336.9,0.7476,59.313,0,Flat,0,55000
2026-07-13,VOLV-B,335.3,-0.4749,57.4529,0,Flat,0,55000
2026-07-14,VOLV-B,337.1,0.5368,59.0103,0,Flat,0,55000
2026-07-15,VOLV-B,338.5,0.4153,60.2297,0,Flat,0,55000
2026-07-16,VOLV-B,341.3,0.8272,62.6244,0,Flat,0,55000
2026-07-17,VOLV-B,339.1,-0.6446,59.5883,0,Flat,0,55000
2026-07-20,VOLV-B,338.7,-0.118,59.028,0,Flat,0,55000
2026-07-21,VOLV-B,339.5,0.2362,59.8414,0,Flat,0,55000
2026-07-22,VOLV-B,348,2.5037,67.2748,0,Flat,0,55000
2026-07-23,VOLV-B,352,1.1494,70.0814,0,Short,1,55000
2026-07-24,VOLV-B,354.8,0.7955,71.8982,1,Short,1,55000
2026-07-24,ATCO-A,203.9,1.7973,65.0426,1,Flat,0,70000
2025-07-24,INVE-B,293.15,,,0,Flat,0,80000
2025-07-25,INVE-B,292.1,-0.3582,,0,Flat,0,80000
2025-07-28,INVE-B,290.95,-0.3937,,0,Flat,0,80000
2025-07-29,INVE-B,291.3,0.1203,,0,Flat,0,80000
2025-07-30,INVE-B,289.35,-0.6694,,0,Flat,0,80000
2025-07-31,INVE-B,284.5,-1.6762,,0,Flat,0,80000
2025-08-01,INVE-B,280.5,-1.406,,0,Flat,0,80000
2025-08-04,INVE-B,283.1,0.9269,,0,Flat,0,80000
2025-08-05,INVE-B,283.75,0.2296,,0,Flat,0,80000
2025-08-06,INVE-B,283.5,-0.0881,,0,Flat,0,80000
2025-08-07,INVE-B,286.9,1.1993,,0,Flat,0,80000
2025-08-08,INVE-B,287.95,0.366,,0,Flat,0,80000
2025-08-11,INVE-B,287.5,-0.1563,,0,Flat,0,80000
2025-08-12,INVE-B,288.25,0.2609,,0,Flat,0,80000
2025-08-13,INVE-B,289.65,0.4857,42.6778,0,Flat,0,80000
2025-08-14,INVE-B,293.25,1.2429,50.6785,0,Flat,0,80000
2025-08-15,INVE-B,295.25,0.682,54.4797,0,Flat,0,80000
2025-08-18,INVE-B,294.45,-0.271,52.7292,0,Flat,0,80000
2025-08-19,INVE-B,298,1.2056,59.0216,0,Flat,0,80000
2025-08-20,INVE-B,295.65,-0.7886,53.9061,0,Flat,0,80000
2025-08-21,INVE-B,293.65,-0.6765,49.939,0,Flat,0,80000
2025-08-22,INVE-B,298.2,1.5495,57.5863,0,Flat,0,80000
2025-08-25,INVE-B,296.65,-0.5198,54.5303,0,Flat,0,80000
2025-08-26,INVE-B,294.1,-0.8596,49.844,0,Flat,0,80000
2025-08-27,INVE-B,294.45,0.119,50.4731,0,Flat,0,80000
2025-08-28,INVE-B,293.4,-0.3566,48.5073,0,Flat,0,80000
2025-08-29,INVE-B,291.35,-0.6987,44.8357,0,Flat,0,80000
2025-09-01,INVE-B,293.3,0.6693,48.8052,0,Flat,0,80000
2025-09-02,INVE-B,285.85,-2.5401,37.6565,0,Flat,0,80000
2025-09-03,INVE-B,288.9,1.067,43.3608,0,Flat,0,80000
2025-09-04,INVE-B,290,0.3808,45.3046,0,Flat,0,80000
2025-09-05,INVE-B,290.55,0.1897,46.2969,0,Flat,0,80000
2025-09-08,INVE-B,288.5,-0.7056,43.1541,0,Flat,0,80000
2025-09-09,INVE-B,286.8,-0.5893,40.6874,0,Flat,0,80000
2025-09-10,INVE-B,286.5,-0.1046,40.2502,0,Flat,0,80000
2025-09-11,INVE-B,285.45,-0.3665,38.6833,0,Flat,0,80000
2025-09-12,INVE-B,285.65,0.0701,39.169,0,Flat,0,80000
2025-09-15,INVE-B,284.45,-0.4201,37.2617,0,Flat,0,80000
2025-09-16,INVE-B,281.05,-1.1953,32.4414,0,Flat,0,80000
2025-09-17,INVE-B,282.25,0.427,35.6076,0,Flat,0,80000
2025-09-18,INVE-B,285.1,1.0097,42.4999,0,Flat,0,80000
2025-09-19,INVE-B,283.95,-0.4034,40.611,0,Flat,0,80000
2025-09-22,INVE-B,286.7,0.9685,46.7104,0,Flat,0,80000
2025-09-23,INVE-B,292.45,2.0056,56.7195,0,Flat,0,80000
2025-09-24,INVE-B,286.3,-2.1029,46.6311,0,Flat,0,80000
2025-09-25,INVE-B,283.95,-0.8208,43.4509,0,Flat,0,80000
2025-09-26,INVE-B,288.1,1.4615,49.9434,0,Flat,0,80000
2025-09-29,INVE-B,291,1.0066,53.9244,0,Flat,0,80000
2025-09-30,INVE-B,294.05,1.0481,57.7318,0,Flat,0,80000
2025-10-01,INVE-B,295.5,0.4931,59.4475,0,Flat,0,80000
2025-10-02,INVE-B,301.7,2.0981,65.8335,0,Flat,0,80000
2025-10-03,INVE-B,303.4,0.5635,67.3516,0,Flat,0,80000
2025-10-06,INVE-B,306.85,1.1371,70.2415,0,Short,1,80000
2025-10-07,INVE-B,304.35,-0.8147,65.7031,0,Flat,0,80000
2025-10-08,INVE-B,306.65,0.7557,67.7665,0,Flat,0,80000
2025-10-09,INVE-B,306.4,-0.0815,67.2926,0,Flat,0,80000
2025-10-10,INVE-B,303.55,-0.9302,61.9718,0,Flat,0,80000
2025-10-13,INVE-B,304.1,0.1812,62.5867,0,Flat,0,80000
2025-10-14,INVE-B,304.5,0.1315,63.0545,0,Flat,0,80000
2025-10-15,INVE-B,309.05,1.4942,67.9618,0,Flat,0,80000
2025-10-16,INVE-B,308.1,-0.3074,65.9909,0,Flat,0,80000
2025-10-17,INVE-B,306.7,-0.4544,63.0874,0,Flat,0,80000
2025-10-20,INVE-B,312.2,1.7933,68.8804,0,Flat,0,80000
2025-10-21,INVE-B,311.1,-0.3523,66.6282,0,Flat,0,80000
2025-10-22,INVE-B,312.05,0.3054,67.6131,0,Flat,0,80000
2025-10-23,INVE-B,313.25,0.3846,68.8631,0,Flat,0,80000
2025-10-24,INVE-B,315.6,0.7502,71.2069,0,Short,1,80000
2025-10-27,INVE-B,318.25,0.8397,73.6185,0,Short,1,80000
2025-10-28,INVE-B,316.6,-0.5185,69.7039,0,Flat,0,80000
2025-10-29,INVE-B,314.75,-0.5843,65.4984,0,Flat,0,80000
2025-10-30,INVE-B,316.35,0.5083,67.334,0,Flat,0,80000
2025-10-31,INVE-B,313.55,-0.8851,61.1977,0,Flat,0,80000
2025-11-03,INVE-B,314.9,0.4306,62.9508,0,Flat,0,80000
2025-11-04,INVE-B,314.15,-0.2382,61.294,0,Flat,0,80000
2025-11-05,INVE-B,316.5,0.7481,64.4512,0,Flat,0,80000
2025-11-06,INVE-B,314.65,-0.5845,60.2825,0,Flat,0,80000
2025-11-07,INVE-B,312.6,-0.6515,55.963,0,Flat,0,80000
2025-11-10,INVE-B,315.45,0.9117,60.2296,0,Flat,0,80000
2025-11-11,INVE-B,320.35,1.5533,66.2788,0,Flat,0,80000
2025-11-12,INVE-B,321.65,0.4058,67.6832,0,Flat,0,80000
2025-11-13,INVE-B,320.6,-0.3264,65.317,0,Flat,0,80000
2025-11-14,INVE-B,319.1,-0.4679,61.9833,0,Flat,0,80000
2025-11-17,INVE-B,315.2,-1.2222,54.2328,0,Flat,0,80000
2025-11-18,INVE-B,307.9,-2.316,43.315,0,Flat,0,80000
2025-11-19,INVE-B,308.65,0.2436,44.5501,0,Flat,0,80000
2025-11-20,INVE-B,312.9,1.377,51.0577,0,Flat,0,80000
2025-11-21,INVE-B,312.5,-0.1278,50.4575,0,Flat,0,80000
2025-11-24,INVE-B,315.85,1.072,55.2068,0,Flat,0,80000
2025-11-25,INVE-B,320.3,1.4089,60.6087,0,Flat,0,80000
2025-11-26,INVE-B,321.6,0.4059,62.0486,0,Flat,0,80000
2025-11-27,INVE-B,322.9,0.4042,63.486,0,Flat,0,80000
2025-11-28,INVE-B,321.4,-0.4645,60.6324,0,Flat,0,80000
2025-12-01,INVE-B,319,-0.7467,56.2741,0,Flat,0,80000
2025-12-02,INVE-B,319.85,0.2665,57.4409,0,Flat,0,80000
2025-12-03,INVE-B,318.4,-0.4533,54.7566,0,Flat,0,80000
2025-12-04,INVE-B,320.8,0.7538,58.2355,0,Flat,0,80000
2025-12-05,INVE-B,322.8,0.6234,60.9315,0,Flat,0,80000
2025-12-08,INVE-B,320.15,-0.8209,55.7924,0,Flat,0,80000
2025-12-09,INVE-B,317.6,-0.7965,51.308,0,Flat,0,80000
2025-12-10,INVE-B,323.35,1.8105,59.2599,0,Flat,0,80000
2025-12-11,INVE-B,320.45,-0.8969,54.4317,0,Flat,0,80000
2025-12-12,INVE-B,321,0.1716,55.1776,0,Flat,0,80000
2025-12-15,INVE-B,323,0.6231,57.8776,0,Flat,0,80000
2025-12-16,INVE-B,321,-0.6192,54.3517,0,Flat,0,80000
2025-12-17,INVE-B,319.05,-0.6075,51.0841,0,Flat,0,80000
2025-12-18,INVE-B,321.05,0.6269,54.1301,0,Flat,0,80000
2025-12-19,INVE-B,323.1,0.6385,57.0802,0,Flat,0,80000
2025-12-22,INVE-B,324.1,0.3095,58.483,0,Flat,0,80000
2025-12-23,INVE-B,325.1,0.3085,59.8945,0,Flat,0,80000
2025-12-29,INVE-B,327.9,0.8613,63.6239,0,Flat,0,80000
2025-12-30,INVE-B,330.4,0.7624,66.6094,0,Flat,0,80000
2026-01-02,INVE-B,325.95,-1.3468,57.5544,0,Flat,0,80000
2026-01-05,INVE-B,330.05,1.2579,62.5992,0,Flat,0,80000
2026-01-07,INVE-B,340.6,3.1965,71.8655,0,Short,1,80000
2026-01-08,INVE-B,337.1,-1.0276,66.0215,0,Flat,0,80000
2026-01-09,INVE-B,340.6,1.0383,68.7575,0,Flat,0,80000
2026-01-12,INVE-B,341.45,0.2496,69.4019,0,Flat,0,80000
2026-01-13,INVE-B,341.3,-0.0439,69.1309,0,Flat,0,80000
2026-01-14,INVE-B,342.45,0.337,70.0949,0,Short,1,80000
2026-01-15,INVE-B,347.8,1.5623,74.1409,0,Short,1,80000
2026-01-16,INVE-B,349.35,0.4457,75.1883,0,Short,1,80000
2026-01-19,INVE-B,336.55,-3.664,55.2772,0,Flat,0,80000
2026-01-20,INVE-B,338.9,0.6983,57.5023,0,Flat,0,80000
2026-01-21,INVE-B,337.6,-0.3836,55.847,0,Flat,0,80000
2026-01-22,INVE-B,339.5,0.5628,57.7609,0,Flat,0,80000
2026-01-23,INVE-B,338.85,-0.1915,56.853,0,Flat,0,80000
2026-01-26,INVE-B,338.05,-0.2361,55.6926,0,Flat,0,80000
2026-01-27,INVE-B,341.35,0.9762,59.3757,0,Flat,0,80000
2026-01-28,INVE-B,339.5,-0.542,56.5383,0,Flat,0,80000
2026-01-29,INVE-B,342.95,1.0162,60.3442,0,Flat,0,80000
2026-01-30,INVE-B,343.2,0.0729,60.6133,0,Flat,0,80000
2026-02-02,INVE-B,348.9,1.6608,66.2396,0,Flat,0,80000
2026-02-03,INVE-B,352.7,1.0891,69.3799,0,Flat,0,80000
2026-02-04,INVE-B,356.75,1.1483,72.3336,0,Short,1,80000
2026-02-05,INVE-B,358.85,0.5886,73.7477,0,Short,1,80000
2026-02-06,INVE-B,362.15,0.9196,75.8377,0,Short,1,80000
2026-02-09,INVE-B,363.8,0.4556,76.8309,0,Short,1,80000
2026-02-10,INVE-B,364.4,0.1649,77.198,0,Short,1,80000
2026-02-11,INVE-B,363.75,-0.1784,75.797,0,Short,1,80000
2026-02-12,INVE-B,361,-0.756,70.0085,0,Short,1,80000
2026-02-13,INVE-B,358.8,-0.6094,65.6867,0,Flat,0,80000
2026-02-16,INVE-B,361.25,0.6828,68.052,0,Flat,0,80000
2026-02-17,INVE-B,362,0.2076,68.7619,0,Flat,0,80000
2026-02-18,INVE-B,367.75,1.5884,73.6044,0,Short,1,80000
2026-02-19,INVE-B,365.55,-0.5982,69.1852,0,Flat,0,80000
2026-02-20,INVE-B,368,0.6702,71.255,0,Short,1,80000
2026-02-23,INVE-B,368.05,0.0136,71.2974,0,Short,1,80000
2026-02-24,INVE-B,370.7,0.72,73.5249,0,Short,1,80000
2026-02-25,INVE-B,372.45,0.4721,74.9096,0,Short,1,80000
2026-02-26,INVE-B,374.9,0.6578,76.7436,0,Short,1,80000
2026-02-27,INVE-B,377.75,0.7602,78.6945,0,Short,1,80000
2026-03-02,INVE-B,368.05,-2.5678,60.1882,0,Flat,0,80000
2026-03-03,INVE-B,358.45,-2.6083,48.1257,0,Flat,0,80000
2026-03-04,INVE-B,365,1.8273,54.7841,0,Flat,0,80000
2026-03-05,INVE-B,362.5,-0.6849,52.0386,0,Flat,0,80000
2026-03-06,INVE-B,356.1,-1.7655,45.7215,0,Flat,0,80000
2026-03-09,INVE-B,350.55,-1.5586,41.0659,0,Flat,0,80000
2026-03-10,INVE-B,361.95,3.252,51.9,0,Flat,0,80000
2026-03-11,INVE-B,355.95,-1.6577,47.0025,0,Flat,0,80000
2026-03-12,INVE-B,354.75,-0.3371,46.0662,0,Flat,0,80000
2026-03-13,INVE-B,351.65,-0.8739,43.6473,0,Flat,0,80000
2026-03-16,INVE-B,353.35,0.4834,45.3423,0,Flat,0,80000
2026-03-17,INVE-B,352.05,-0.3679,44.2463,0,Flat,0,80000
2026-03-18,INVE-B,350.4,-0.4687,42.8312,0,Flat,0,80000
2026-03-19,INVE-B,342.2,-2.3402,36.5715,0,Flat,0,80000
2026-03-20,INVE-B,337.95,-1.242,33.8132,0,Flat,0,80000
2026-03-23,INVE-B,338.05,0.0296,33.9394,0,Flat,0,80000
2026-03-24,INVE-B,342.05,1.1833,38.9554,0,Flat,0,80000
2026-03-25,INVE-B,350.1,2.3535,47.5816,0,Flat,0,80000
2026-03-26,INVE-B,346.6,-0.9997,44.6288,0,Flat,0,80000
2026-03-27,INVE-B,345.45,-0.3318,43.6698,0,Flat,0,80000
2026-03-30,INVE-B,349.3,1.1145,47.7199,0,Flat,0,80000
2026-03-31,INVE-B,354.3,1.4314,52.4968,0,Flat,0,80000
2026-04-01,INVE-B,363.7,2.6531,59.9126,0,Flat,0,80000
2026-04-02,INVE-B,354.65,-2.4883,51.5661,0,Flat,0,80000
2026-04-07,INVE-B,355.55,0.2538,52.2781,0,Flat,0,80000
2026-04-08,INVE-B,370.45,4.1907,62.1884,0,Flat,0,80000
2026-04-09,INVE-B,368.3,-0.5804,60.2443,0,Flat,0,80000
2026-04-10,INVE-B,373.8,1.4933,63.3967,0,Flat,0,80000
2026-04-13,INVE-B,373.3,-0.1338,62.9083,0,Flat,0,80000
2026-04-14,INVE-B,375.95,0.7099,64.4705,0,Flat,0,80000
2026-04-15,INVE-B,375.9,-0.0133,64.4154,0,Flat,0,80000
2026-04-16,INVE-B,375.35,-0.1463,63.7695,0,Flat,0,80000
2026-04-17,INVE-B,385.6,2.7308,69.8393,0,Flat,0,80000
2026-04-20,INVE-B,381.7,-1.0114,65.3529,0,Flat,0,80000
2026-04-21,INVE-B,382.75,0.2751,65.9864,0,Flat,0,80000
2026-04-22,INVE-B,382.5,-0.0653,65.6785,0,Flat,0,80000
2026-04-23,INVE-B,380.2,-0.6013,62.7761,0,Flat,0,80000
2026-04-24,INVE-B,372.35,-2.0647,54.0043,0,Flat,0,80000
2026-04-27,INVE-B,372.25,-0.0269,53.901,0,Flat,0,80000
2026-04-28,INVE-B,373.2,0.2552,54.786,0,Flat,0,80000
2026-04-29,INVE-B,369.35,-1.0316,50.5504,0,Flat,0,80000
2026-04-30,INVE-B,372,0.7175,53.2307,0,Flat,0,80000
2026-05-04,INVE-B,364.2,-2.0968,45.4261,0,Flat,0,80000
2026-05-05,INVE-B,370.6,1.7573,51.6855,0,Flat,0,80000
2026-05-06,INVE-B,379.35,2.361,58.6658,0,Flat,0,80000
2026-05-07,INVE-B,374.65,-1.239,54.141,0,Flat,0,80000
2026-05-08,INVE-B,369.45,-1.388,49.5844,0,Flat,0,80000
2026-05-11,INVE-B,369.65,0.0541,49.7595,0,Flat,0,80000
2026-05-12,INVE-B,366.1,-0.9604,46.661,0,Flat,0,80000
2026-05-13,INVE-B,365.5,-0.1639,46.138,0,Flat,0,80000
2026-05-15,INVE-B,364.5,-0.2736,45.2283,0,Flat,0,80000
2026-05-18,INVE-B,366.2,0.4664,47.1367,0,Flat,0,80000
2026-05-19,INVE-B,368.15,0.5325,49.318,0,Flat,0,80000
2026-05-20,INVE-B,372.2,1.1001,53.6005,0,Flat,0,80000
2026-05-21,INVE-B,376.5,1.1553,57.6884,0,Flat,0,80000
2026-05-22,INVE-B,380.55,1.0757,61.1594,0,Flat,0,80000
2026-05-25,INVE-B,387.05,1.7081,65.9825,0,Flat,0,80000
2026-05-26,INVE-B,382.85,-1.0851,60.7345,0,Flat,0,80000
2026-05-27,INVE-B,383.2,0.0914,61.0127,0,Flat,0,80000
2026-05-28,INVE-B,377.9,-1.3831,54.6915,0,Flat,0,80000
2026-05-29,INVE-B,380.75,0.7542,57.2561,0,Flat,0,80000
2026-06-01,INVE-B,379.75,-0.2626,56.0571,0,Flat,0,80000
2026-06-02,INVE-B,382.6,0.7505,58.7108,0,Flat,0,80000
2026-06-03,INVE-B,379.3,-0.8625,54.5993,0,Flat,0,80000
2026-06-04,INVE-B,380.7,0.3691,56.0069,0,Flat,0,80000
2026-06-05,INVE-B,379.95,-0.197,55.0227,0,Flat,0,80000
2026-06-08,INVE-B,380.6,0.1711,55.7485,0,Flat,0,80000
2026-06-09,INVE-B,377.75,-0.7488,51.8016,0,Flat,0,80000
2026-06-10,INVE-B,377.05,-0.1853,50.8494,0,Flat,0,80000
2026-06-11,INVE-B,376.9,-0.0398,50.6346,0,Flat,0,80000
2026-06-12,INVE-B,379.1,0.5837,53.7222,0,Flat,0,80000
2026-06-15,INVE-B,382.85,0.9892,58.4883,0,Flat,0,80000
2026-06-16,INVE-B,383.65,0.209,59.4478,0,Flat,0,80000
2026-06-17,INVE-B,386.25,0.6777,62.483,0,Flat,0,80000
2026-06-18,INVE-B,391.15,1.2686,67.4304,0,Flat,0,80000
2026-06-22,INVE-B,393.75,0.6647,69.7127,0,Flat,0,80000
2026-06-23,INVE-B,388.65,-1.2952,60.7239,0,Flat,0,80000
2026-06-24,INVE-B,392,0.862,64.0069,0,Flat,0,80000
2026-06-25,INVE-B,397.5,1.4031,68.6414,0,Flat,0,80000
2026-06-26,INVE-B,394.35,-0.7925,63.5911,0,Flat,0,80000
2026-06-29,INVE-B,397,0.672,65.8664,0,Flat,0,80000
2026-06-30,INVE-B,402.55,1.398,70.083,0,Short,1,80000
2026-07-01,INVE-B,399.2,-0.8322,64.8736,0,Flat,0,80000
2026-07-02,INVE-B,402.85,0.9143,67.6915,0,Flat,0,80000
2026-07-03,INVE-B,405.8,0.7323,69.8002,0,Flat,0,80000
2026-07-06,INVE-B,403.75,-0.5052,66.5497,0,Flat,0,80000
2026-07-07,INVE-B,398.2,-1.3746,58.594,0,Flat,0,80000
2026-07-08,INVE-B,391.95,-1.5696,51.1747,0,Flat,0,80000
2026-07-09,INVE-B,396.8,1.2374,55.8468,0,Flat,0,80000
2026-07-10,INVE-B,394.4,-0.6048,53.1371,0,Flat,0,80000
2026-07-13,INVE-B,391.25,-0.7987,49.7268,0,Flat,0,80000
2026-07-14,INVE-B,394.85,0.9201,53.4072,0,Flat,0,80000
2026-07-15,INVE-B,393.25,-0.4052,51.5992,0,Flat,0,80000
2026-07-16,INVE-B,394.3,0.267,52.7301,0,Flat,0,80000
2026-07-17,INVE-B,397,0.6848,55.6029,0,Flat,0,80000
2026-07-20,INVE-B,397.55,0.1385,56.187,0,Flat,0,80000
2026-07-21,INVE-B,396,-0.3899,54.0296,0,Flat,0,80000
2026-07-22,INVE-B,402.1,1.5404,60.4636,0,Flat,0,80000
2026-07-23,INVE-B,398.3,-0.945,55.2737,0,Flat,0,80000
2026-07-24,INVE-B,403.5,1.3056,60.296,1,Flat,0,80000
2026-07-24,HEXA-B,83.36,4.7236,56.8414,1,Flat,0,28000
2025-07-24,ERIC-B,71.98,,,0,Flat,0,25000
2025-07-25,ERIC-B,71.34,-0.8891,,0,Flat,0,25000
2025-07-28,ERIC-B,71.5,0.2243,,0,Flat,0,25000
2025-07-29,ERIC-B,74.2,3.7762,,0,Flat,0,25000
2025-07-30,ERIC-B,70.44,-5.0674,,0,Flat,0,25000
2025-07-31,ERIC-B,71.34,1.2777,,0,Flat,0,25000
2025-08-01,ERIC-B,70.26,-1.5139,,0,Flat,0,25000
2025-08-04,ERIC-B,71.94,2.3911,,0,Flat,0,25000
2025-08-05,ERIC-B,71.88,-0.0834,,0,Flat,0,25000
2025-08-06,ERIC-B,71.66,-0.3061,,0,Flat,0,25000
2025-08-07,ERIC-B,72.26,0.8373,,0,Flat,0,25000
2025-08-08,ERIC-B,72.58,0.4428,,0,Flat,0,25000
2025-08-11,ERIC-B,72.72,0.1929,,0,Flat,0,25000
2025-08-12,ERIC-B,73.36,0.8801,,0,Flat,0,25000
2025-08-13,ERIC-B,73.42,0.0818,55.5555,0,Flat,0,25000
2025-08-14,ERIC-B,73.34,-0.109,55.1887,0,Flat,0,25000
2025-08-15,ERIC-B,73.98,0.8727,57.6009,0,Flat,0,25000
2025-08-18,ERIC-B,73.5,-0.6488,55.2008,0,Flat,0,25000
2025-08-19,ERIC-B,74.42,1.2517,58.7487,0,Flat,0,25000
2025-08-20,ERIC-B,74.26,-0.215,57.8901,0,Flat,0,25000
2025-08-21,ERIC-B,74.06,-0.2693,56.773,0,Flat,0,25000
2025-08-22,ERIC-B,75.56,2.0254,62.6015,0,Flat,0,25000
2025-08-25,ERIC-B,75.72,0.2118,63.1719,0,Flat,0,25000
2025-08-26,ERIC-B,76.16,0.5811,64.7635,0,Flat,0,25000
2025-08-27,ERIC-B,75.76,-0.5252,62.1345,0,Flat,0,25000
2025-08-28,ERIC-B,75.34,-0.5544,59.4076,0,Flat,0,25000
2025-08-29,ERIC-B,75.3,-0.0531,59.1414,0,Flat,0,25000
2025-09-01,ERIC-B,74.74,-0.7437,55.3985,0,Flat,0,25000
2025-09-02,ERIC-B,73.56,-1.5788,48.4418,0,Flat,0,25000
2025-09-03,ERIC-B,73.94,0.5166,50.5935,0,Flat,0,25000
2025-09-04,ERIC-B,75.52,2.1369,58.3724,0,Flat,0,25000
2025-09-05,ERIC-B,75.38,-0.1854,57.5084,0,Flat,0,25000
2025-09-08,ERIC-B,74.62,-1.0082,52.9283,0,Flat,0,25000
2025-09-09,ERIC-B,75.54,1.2329,57.3558,0,Flat,0,25000
2025-09-10,ERIC-B,75.12,-0.556,54.8208,0,Flat,0,25000
2025-09-11,ERIC-B,75.06,-0.0799,54.4505,0,Flat,0,25000
2025-09-12,ERIC-B,74.28,-1.0392,49.7467,0,Flat,0,25000
2025-09-15,ERIC-B,74,-0.377,48.139,0,Flat,0,25000
2025-09-16,ERIC-B,73.74,-0.3514,46.632,0,Flat,0,25000
2025-09-17,ERIC-B,74.6,1.1663,51.9862,0,Flat,0,25000
2025-09-18,ERIC-B,75.66,1.4209,57.6288,0,Flat,0,25000
2025-09-19,ERIC-B,76.18,0.6873,60.1056,0,Flat,0,25000
2025-09-22,ERIC-B,76.28,0.1313,60.5828,0,Flat,0,25000
2025-09-23,ERIC-B,78.16,2.4646,68.2676,0,Flat,0,25000
2025-09-24,ERIC-B,77.3,-1.1003,62.2854,0,Flat,0,25000
2025-09-25,ERIC-B,77.38,0.1035,62.6136,0,Flat,0,25000
2025-09-26,ERIC-B,76.02,-1.7576,54.0091,0,Flat,0,25000
2025-09-29,ERIC-B,76.34,0.4209,55.5567,0,Flat,0,25000
2025-09-30,ERIC-B,77.84,1.9649,62.01,0,Flat,0,25000
2025-10-01,ERIC-B,78.6,0.9764,64.799,0,Flat,0,25000
2025-10-02,ERIC-B,78.54,-0.0763,64.397,0,Flat,0,25000
2025-10-03,ERIC-B,78.52,-0.0255,64.2539,0,Flat,0,25000
2025-10-06,ERIC-B,79.36,1.0698,67.518,0,Flat,0,25000
2025-10-07,ERIC-B,79.1,-0.3276,65.5236,0,Flat,0,25000
2025-10-08,ERIC-B,80.3,1.5171,69.9374,0,Flat,0,25000
2025-10-09,ERIC-B,79.02,-1.594,60.9709,0,Flat,0,25000
2025-10-10,ERIC-B,79.3,0.3543,62.1151,0,Flat,0,25000
2025-10-13,ERIC-B,77.9,-1.7654,53.6464,0,Flat,0,25000
2025-10-14,ERIC-B,91.94,18.0231,81.2521,0,Short,1,25000
2025-10-15,ERIC-B,90.9,-1.1312,77.567,0,Short,1,25000
2025-10-16,ERIC-B,90.4,-0.5501,75.7874,0,Short,1,25000
2025-10-17,ERIC-B,89.52,-0.9735,72.6291,0,Short,1,25000
2025-10-20,ERIC-B,89.08,-0.4915,71.0351,0,Short,1,25000
2025-10-21,ERIC-B,90.52,1.6165,73.1147,0,Short,1,25000
2025-10-22,ERIC-B,89.4,-1.2373,68.9671,0,Flat,0,25000
2025-10-23,ERIC-B,89.76,0.4027,69.5648,0,Flat,0,25000
2025-10-24,ERIC-B,89.22,-0.6016,67.4659,0,Flat,0,25000
2025-10-27,ERIC-B,89.36,0.1569,67.7377,0,Flat,0,25000
2025-10-28,ERIC-B,91.56,2.4619,71.7336,0,Short,1,25000
2025-10-29,ERIC-B,95.12,3.8882,76.7515,0,Short,1,25000
2025-10-30,ERIC-B,96.46,1.4087,78.3122,0,Short,1,25000
2025-10-31,ERIC-B,95.8,-0.6842,75.6196,0,Short,1,25000
2025-11-03,ERIC-B,97.48,1.7537,77.7196,0,Short,1,25000
2025-11-04,ERIC-B,95.08,-2.462,68.6257,0,Flat,0,25000
2025-11-05,ERIC-B,93.88,-1.2621,64.5582,0,Flat,0,25000
2025-11-06,ERIC-B,94.08,0.213,64.9313,0,Flat,0,25000
2025-11-07,ERIC-B,92.52,-1.6582,59.6564,0,Flat,0,25000
2025-11-10,ERIC-B,92.36,-0.1729,59.1259,0,Flat,0,25000
2025-11-11,ERIC-B,93.88,1.6457,62.5346,0,Flat,0,25000
2025-11-12,ERIC-B,94.58,0.7456,64.0227,0,Flat,0,25000
2025-11-13,ERIC-B,93.86,-0.7613,61.3247,0,Flat,0,25000
2025-11-14,ERIC-B,92.96,-0.9589,58.0326,0,Flat,0,25000
2025-11-17,ERIC-B,92.28,-0.7315,55.6038,0,Flat,0,25000
2025-11-18,ERIC-B,90.36,-2.0806,49.3264,0,Flat,0,25000
2025-11-19,ERIC-B,89.78,-0.6419,47.579,0,Flat,0,25000
2025-11-20,ERIC-B,90.62,0.9356,50.3237,0,Flat,0,25000
2025-11-21,ERIC-B,90.06,-0.618,48.5005,0,Flat,0,25000
2025-11-24,ERIC-B,90.24,0.1999,49.1384,0,Flat,0,25000
2025-11-25,ERIC-B,90.92,0.7535,51.5783,0,Flat,0,25000
2025-11-26,ERIC-B,91.28,0.396,52.8675,0,Flat,0,25000
2025-11-27,ERIC-B,91.44,0.1753,53.4605,0,Flat,0,25000
2025-11-28,ERIC-B,91.08,-0.3937,51.8788,0,Flat,0,25000
2025-12-01,ERIC-B,91.26,0.1976,52.6334,0,Flat,0,25000
2025-12-02,ERIC-B,91.26,0,52.6334,0,Flat,0,25000
2025-12-03,ERIC-B,90.46,-0.8766,48.6973,0,Flat,0,25000
2025-12-04,ERIC-B,90.5,0.0442,48.9031,0,Flat,0,25000
2025-12-05,ERIC-B,90.22,-0.3094,47.468,0,Flat,0,25000
2025-12-08,ERIC-B,90.34,0.133,48.1699,0,Flat,0,25000
2025-12-09,ERIC-B,90.88,0.5977,51.3224,0,Flat,0,25000
2025-12-10,ERIC-B,89.68,-1.3204,44.8012,0,Flat,0,25000
2025-12-11,ERIC-B,90.34,0.7359,48.6647,0,Flat,0,25000
2025-12-12,ERIC-B,89.12,-1.3504,42.7133,0,Flat,0,25000
2025-12-15,ERIC-B,89.32,0.2244,43.924,0,Flat,0,25000
2025-12-16,ERIC-B,89.6,0.3135,45.6556,0,Flat,0,25000
2025-12-17,ERIC-B,89.6,0,45.6556,0,Flat,0,25000
2025-12-18,ERIC-B,90.12,0.5804,49.0447,0,Flat,0,25000
2025-12-19,ERIC-B,90.42,0.3329,50.9453,0,Flat,0,25000
2025-12-22,ERIC-B,90.48,0.0664,51.3363,0,Flat,0,25000
2025-12-23,ERIC-B,89.74,-0.8179,46.4222,0,Flat,0,25000
2025-12-29,ERIC-B,90.02,0.312,48.4336,0,Flat,0,25000
2025-12-30,ERIC-B,90.6,0.6443,52.4184,0,Flat,0,25000
2026-01-02,ERIC-B,88.3,-2.5386,39.4121,0,Flat,0,25000
2026-01-05,ERIC-B,89.62,1.4949,47.4682,0,Flat,0,25000
2026-01-07,ERIC-B,91.24,1.8076,55.3201,0,Flat,0,25000
2026-01-08,ERIC-B,87.24,-4.384,39.5864,0,Flat,0,25000
2026-01-09,ERIC-B,86.92,-0.3668,38.6396,0,Flat,0,25000
2026-01-12,ERIC-B,86.66,-0.2991,37.8476,0,Flat,0,25000
2026-01-13,ERIC-B,87,0.3923,39.5914,0,Flat,0,25000
2026-01-14,ERIC-B,86.9,-0.1149,39.2427,0,Flat,0,25000
2026-01-15,ERIC-B,88.32,1.6341,46.4555,0,Flat,0,25000
2026-01-16,ERIC-B,87.52,-0.9058,43.3342,0,Flat,0,25000
2026-01-19,ERIC-B,86.54,-1.1197,39.806,0,Flat,0,25000
2026-01-20,ERIC-B,86.42,-0.1387,39.3832,0,Flat,0,25000
2026-01-21,ERIC-B,86.5,0.0926,39.842,0,Flat,0,25000
2026-01-22,ERIC-B,85.78,-0.8324,37.119,0,Flat,0,25000
2026-01-23,ERIC-B,94.8,10.5153,67.2847,0,Flat,0,25000
2026-01-26,ERIC-B,95.12,0.3376,67.8735,0,Flat,0,25000
2026-01-27,ERIC-B,99,4.0791,73.987,0,Short,1,25000
2026-01-28,ERIC-B,97.16,-1.8586,67.4335,0,Flat,0,25000
2026-01-29,ERIC-B,96.2,-0.9881,64.2365,0,Flat,0,25000
2026-01-30,ERIC-B,96.66,0.4782,65.0906,0,Flat,0,25000
2026-02-02,ERIC-B,98.5,1.9036,68.3467,0,Flat,0,25000
2026-02-03,ERIC-B,99.02,0.5279,69.2204,0,Flat,0,25000
2026-02-04,ERIC-B,99.76,0.7473,70.4697,0,Short,1,25000
2026-02-05,ERIC-B,99.44,-0.3208,69.1624,0,Flat,0,25000
2026-02-06,ERIC-B,99.8,0.362,69.8403,0,Flat,0,25000
2026-02-09,ERIC-B,100.65,0.8517,71.4367,0,Short,1,25000
2026-02-10,ERIC-B,100.6,-0.0497,71.198,0,Short,1,25000
2026-02-11,ERIC-B,98.68,-1.9085,62.5528,0,Flat,0,25000
2026-02-12,ERIC-B,97.2,-1.4998,56.825,0,Flat,0,25000
2026-02-13,ERIC-B,98.42,1.2551,60.0708,0,Flat,0,25000
2026-02-16,ERIC-B,98.4,-0.0203,59.9912,0,Flat,0,25000
2026-02-17,ERIC-B,99.88,1.5041,63.8135,0,Flat,0,25000
2026-02-18,ERIC-B,100.95,1.0713,66.3188,0,Flat,0,25000
2026-02-19,ERIC-B,101.65,0.6934,67.8853,0,Flat,0,25000
2026-02-20,ERIC-B,102.05,0.3935,68.7788,0,Flat,0,25000
2026-02-23,ERIC-B,100.85,-1.1759,63.106,0,Flat,0,25000
2026-02-24,ERIC-B,99.86,-0.9817,58.7973,0,Flat,0,25000
2026-02-25,ERIC-B,100.75,0.8912,61.352,0,Flat,0,25000
2026-02-26,ERIC-B,101.6,0.8437,63.6689,0,Flat,0,25000
2026-02-27,ERIC-B,104.55,2.9035,70.3192,0,Short,1,25000
2026-03-02,ERIC-B,104.55,0,70.3192,0,Short,1,25000
2026-03-03,ERIC-B,102.95,-1.5304,63.0586,0,Flat,0,25000
2026-03-04,ERIC-B,104.95,1.9427,67.5666,0,Flat,0,25000
2026-03-05,ERIC-B,103.7,-1.191,62.4381,0,Flat,0,25000
2026-03-06,ERIC-B,103,-0.675,59.7051,0,Flat,0,25000
2026-03-09,ERIC-B,102.35,-0.6311,57.2013,0,Flat,0,25000
2026-03-10,ERIC-B,104.35,1.9541,62.423,0,Flat,0,25000
2026-03-11,ERIC-B,105.9,1.4854,65.8957,0,Flat,0,25000
2026-03-12,ERIC-B,107.9,1.8886,69.777,0,Flat,0,25000
2026-03-13,ERIC-B,108.6,0.6487,71.0201,0,Short,1,25000
2026-03-16,ERIC-B,111.6,2.7624,75.6438,0,Short,1,25000
2026-03-17,ERIC-B,111.7,0.0896,75.7825,0,Short,1,25000
2026-03-18,ERIC-B,109.45,-2.0143,66.5934,0,Flat,0,25000
2026-03-19,ERIC-B,107.2,-2.0557,58.9017,0,Flat,0,25000
2026-03-20,ERIC-B,106.1,-1.0261,55.5252,0,Flat,0,25000
2026-03-23,ERIC-B,105.15,-0.8954,52.7146,0,Flat,0,25000
2026-03-24,ERIC-B,107.4,2.1398,58.1214,0,Flat,0,25000
2026-03-25,ERIC-B,108.8,1.3035,61.1018,0,Flat,0,25000
2026-03-26,ERIC-B,109.4,0.5515,62.3388,0,Flat,0,25000
2026-03-27,ERIC-B,106,-3.1079,52.2069,0,Flat,0,25000
2026-03-30,ERIC-B,107,0.9434,54.5468,0,Flat,0,25000
2026-03-31,ERIC-B,106.3,-0.6542,52.6053,0,Flat,0,25000
2026-04-01,ERIC-B,108.3,1.8815,57.2836,0,Flat,0,25000
2026-04-02,ERIC-B,107.8,-0.4617,55.8007,0,Flat,0,25000
2026-04-07,ERIC-B,109,1.1132,58.5726,0,Flat,0,25000
2026-04-08,ERIC-B,110.95,1.789,62.6695,0,Flat,0,25000
2026-04-09,ERIC-B,111.1,0.1352,62.9729,0,Flat,0,25000
2026-04-10,ERIC-B,110.95,-0.135,62.4266,0,Flat,0,25000
2026-04-13,ERIC-B,110.7,-0.2253,61.4695,0,Flat,0,25000
2026-04-14,ERIC-B,110.25,-0.4065,59.6953,0,Flat,0,25000
2026-04-15,ERIC-B,108.25,-1.8141,52.4496,0,Flat,0,25000
2026-04-16,ERIC-B,110.25,1.8476,57.9466,0,Flat,0,25000
2026-04-17,ERIC-B,105.7,-4.127,45.1569,0,Flat,0,25000
2026-04-20,ERIC-B,108.35,2.5071,51.8259,0,Flat,0,25000
2026-04-21,ERIC-B,108.45,0.0923,52.0628,0,Flat,0,25000
2026-04-22,ERIC-B,107.1,-1.2448,48.5891,0,Flat,0,25000
2026-04-23,ERIC-B,105.65,-1.3539,45.1078,0,Flat,0,25000
2026-04-24,ERIC-B,104.5,-1.0885,42.5066,0,Flat,0,25000
2026-04-27,ERIC-B,104,-0.4785,41.389,0,Flat,0,25000
2026-04-28,ERIC-B,104.65,0.625,43.4698,0,Flat,0,25000
2026-04-29,ERIC-B,106.5,1.7678,49.0174,0,Flat,0,25000
2026-04-30,ERIC-B,108.35,1.7371,53.8904,0,Flat,0,25000
2026-05-04,ERIC-B,109.1,0.6922,55.7375,0,Flat,0,25000
2026-05-05,ERIC-B,110.4,1.1916,58.817,0,Flat,0,25000
2026-05-06,ERIC-B,111.1,0.6341,60.414,0,Flat,0,25000
2026-05-07,ERIC-B,109.45,-1.4851,54.9998,0,Flat,0,25000
2026-05-08,ERIC-B,109.6,0.1371,55.3912,0,Flat,0,25000
2026-05-11,ERIC-B,114.65,4.6077,66.0858,0,Flat,0,25000
2026-05-12,ERIC-B,114.3,-0.3053,64.9241,0,Flat,0,25000
2026-05-13,ERIC-B,118,3.2371,70.7733,0,Short,1,25000
2026-05-15,ERIC-B,118.05,0.0424,70.8441,0,Short,1,25000
2026-05-18,ERIC-B,119.95,1.6095,73.4723,0,Short,1,25000
2026-05-19,ERIC-B,119.55,-0.3335,72.0008,0,Short,1,25000
2026-05-20,ERIC-B,120.2,0.5437,72.9489,0,Short,1,25000
2026-05-21,ERIC-B,123.3,2.579,76.9566,0,Short,1,25000
2026-05-22,ERIC-B,125.85,2.0681,79.63,0,Short,1,25000
2026-05-25,ERIC-B,125.9,0.0397,79.6798,0,Short,1,25000
2026-05-26,ERIC-B,126.85,0.7546,80.6475,0,Short,1,25000
2026-05-27,ERIC-B,121.25,-4.4147,61.9261,0,Flat,0,25000
2026-05-28,ERIC-B,119,-1.8557,56.2737,0,Flat,0,25000
2026-05-29,ERIC-B,120.1,0.9244,58.2786,0,Flat,0,25000
2026-06-01,ERIC-B,122.7,2.1649,62.6393,0,Flat,0,25000
2026-06-02,ERIC-B,127.35,3.7897,68.8999,0,Flat,0,25000
2026-06-03,ERIC-B,127,-0.2748,67.9766,0,Flat,0,25000
2026-06-04,ERIC-B,124.2,-2.2047,60.9406,0,Flat,0,25000
2026-06-05,ERIC-B,121,-2.5765,54.0545,0,Flat,0,25000
2026-06-08,ERIC-B,118.9,-1.7355,50.057,0,Flat,0,25000
2026-06-09,ERIC-B,111.45,-6.2658,39.0297,0,Flat,0,25000
2026-06-10,ERIC-B,111.4,-0.0449,38.9676,0,Flat,0,25000
2026-06-11,ERIC-B,113.1,1.526,42.3248,0,Flat,0,25000
2026-06-12,ERIC-B,116.6,3.0946,48.5941,0,Flat,0,25000
2026-06-15,ERIC-B,114.55,-1.7581,45.476,0,Flat,0,25000
2026-06-16,ERIC-B,109.75,-4.1903,39.1428,0,Flat,0,25000
2026-06-17,ERIC-B,109.65,-0.0911,39.0209,0,Flat,0,25000
2026-06-18,ERIC-B,109.95,0.2736,39.6284,0,Flat,0,25000
2026-06-22,ERIC-B,111.95,1.819,43.6585,0,Flat,0,25000
2026-06-23,ERIC-B,112,0.0447,43.7595,0,Flat,0,25000
2026-06-24,ERIC-B,109.1,-2.5893,39.3501,0,Flat,0,25000
2026-06-25,ERIC-B,108.45,-0.5958,38.4157,0,Flat,0,25000
2026-06-26,ERIC-B,106.65,-1.6597,35.8753,0,Flat,0,25000
2026-06-29,ERIC-B,107.9,1.1721,38.8972,0,Flat,0,25000
2026-06-30,ERIC-B,108.15,0.2317,39.5112,0,Flat,0,25000
2026-07-01,ERIC-B,106.35,-1.6644,36.6553,0,Flat,0,25000
2026-07-02,ERIC-B,105.8,-0.5172,35.8037,0,Flat,0,25000
2026-07-03,ERIC-B,106.45,0.6144,37.6474,0,Flat,0,25000
2026-07-06,ERIC-B,106.25,-0.1879,37.2925,0,Flat,0,25000
2026-07-07,ERIC-B,105.55,-0.6588,36.0129,0,Flat,0,25000
2026-07-08,ERIC-B,105.3,-0.2369,35.5438,0,Flat,0,25000
2026-07-09,ERIC-B,112.35,6.6952,53.8134,0,Flat,0,25000
2026-07-10,ERIC-B,110.2,-1.9137,49.2306,0,Flat,0,25000
2026-07-13,ERIC-B,112.75,2.314,54.2113,0,Flat,0,25000
2026-07-14,ERIC-B,98.54,-12.6031,34.1221,0,Flat,0,25000
2026-07-15,ERIC-B,97.3,-1.2584,32.9739,0,Flat,0,25000
2026-07-16,ERIC-B,95.84,-1.5005,31.6244,0,Flat,0,25000
2026-07-17,ERIC-B,95.26,-0.6052,31.0802,0,Flat,0,25000
2026-07-20,ERIC-B,93.8,-1.5326,29.6951,0,Long,1,25000
2026-07-21,ERIC-B,92.8,-1.0661,28.75,0,Long,1,25000
2026-07-22,ERIC-B,92.98,0.194,29.1868,0,Long,1,25000
2026-07-23,ERIC-B,91.5,-1.5917,27.6838,0,Long,1,25000
2026-07-24,ERIC-B,91.52,0.0219,27.7379,1,Long,1,25000
2026-07-24,SEB-A,218.6,1.4385,74.5307,1,Short,1,32000
2026-07-24,SWED-A,371,1.2555,60.1427,1,Flat,0,25000
2026-07-24,SHB-A,143.45,1.4498,57.0001,1,Flat,0,22000
2026-07-24,ASSA-B,348,1.2806,59.1856,1,Flat,0,30000
2026-07-24,SAND,349.7,1.6865,39.0648,1,Flat,0,25000
2026-07-24,ESSITY-B,276.3,0.8026,52.0813,1,Flat,0,18000
2026-07-24,HM-B,164.1,0.8915,49.0006,1,Flat,0,22000
2026-07-24,ALFA,574.6,-0.3814,58.1943,1,Flat,0,16000
2026-07-24,SKF-B,255.8,0.3925,52.9612,1,Flat,0,9000
2026-07-24,TELIA,44.58,-0.3131,37.1789,1,Flat,0,12000
2026-07-24,BOL,481.4,1.2621,39.3058,1,Flat,0,10000
2026-07-24,NOVO-B,320.6,0.0937,53.534,1,Flat,0,350000
2026-07-24,DSV,1448.5,2.8034,32.7141,1,Flat,0,45000
2026-07-24,MAERSK-B,17025,-0.4968,56.7665,1,Flat,0,28000
2026-07-24,ORSTED,149.85,-0.3657,47.6322,1,Flat,0,20000
2026-07-24,CARL-B,905.6,-0.7235,50.2976,1,Flat,0,18000
2026-07-24,COLO-B,403.6,1.2036,51.9909,1,Flat,0,22000
2026-07-24,VWS,173.55,-1.6435,43.2726,1,Flat,0,22000
2026-07-24,DANSKE,356.5,-0.5301,48.1726,1,Flat,0,25000
2026-07-24,GMAB,1878.5,-1.3393,57.0527,1,Flat,0,18000
2026-07-24,EQNR,392.5,-1.3571,72.9981,1,Short,1,70000
2026-07-24,DNB,298.7,1.2542,58.2596,1,Flat,0,30000
2026-07-24,TEL,131.6,-0.3785,33.5222,1,Flat,0,18000
2026-07-24,MOWI,197.8,-0.3024,58.1461,1,Flat,0,10000
2026-07-24,YAR,456.1,-1.3198,51.2197,1,Flat,0,9000
2026-07-24,NHY,86.14,-2.4241,40.8831,1,Flat,0,12000
2026-07-24,ORK,102,-0.0979,38.0461,1,Flat,0,8000
2026-07-24,KESKOB,20.9,0.3842,66.8749,1,Flat,0,8000
2026-07-24,METSO,16.86,8.0769,65.9738,1,Flat,0,9000
2026-07-24,VALMT,26.9,22.0508,80.8218,1,Short,1,5000
2026-07-24,OUT1V,5.81,4.4964,63.0073,1,Flat,0,2000
2026-07-24,HUH1V,30.26,4.3448,78.4218,1,Short,1,3500
2026-07-24,TYRES,14.98,-0.4651,67.4899,1,Flat,0,1500
2026-07-24,QTCOM,23.28,0.954,42.918,1,Flat,0,2500
2026-07-24,TIETO,17.88,2.5817,44.2208,1,Flat,0,2000
2026-07-24,EQT,315,1.7113,65.5978,1,Flat,0,35000
2026-07-24,EPI-A,247.6,1.642,44.8038,1,Flat,0,22000
2026-07-24,SAAB-B,587.4,-1.608,61.0279,1,Flat,0,12000
2026-07-24,NIBE-B,37.18,1.2527,56.3456,1,Flat,0,10000
2026-07-24,SCA-B,104.8,1.7476,60.9185,1,Flat,0,9000
2026-07-24,AZN,1650,0.091,42.633,1,Flat,0,200000
2026-07-24,GETI-B,230.3,0.5238,72.0319,1,Short,1,7000
2026-07-24,TEL2-B,163.5,1.2697,43.3552,1,Flat,0,8000
2026-07-24,SECU-B,151,-10.967,35.1845,1,Flat,0,5000
2026-07-24,ELUX-B,22.83,2.7915,30.8113,1,Flat,0,3000
2026-07-24,SINCH,38.19,5.2356,49.9017,1,Flat,0,2500
2026-07-24,INDU-C,531,1.6074,57.7044,1,Flat,0,12000
2026-07-24,KINV-B,50.4,2.0243,42.2736,1,Flat,0,3000
2026-07-24,PNDORA,757.6,0.5308,56.5447,1,Flat,0,12000
2026-07-24,ROCK-B,193,1.6324,39.4304,1,Flat,0,7000
2026-07-24,NSIS-B,411.2,0.2438,48.1025,1,Flat,0,30000
2026-07-24,DEMANT,273.6,1.6345,55.5051,1,Flat,0,8000
2026-07-24,GN,91.42,-0.2183,50.4252,1,Flat,0,4000
2026-07-24,TRYG,155.4,0.3228,58.449,1,Flat,0,12000
2026-07-24,BAVA,174.4,-1.2458,34.9384,1,Flat,0,2500
2026-07-24,AMBU-B,68.15,0.963,53.6193,1,Flat,0,4000
2026-07-24,AKRBP,340.5,-2.0144,62.1094,1,Flat,0,15000
2026-07-24,TOM,100.4,-1.3752,52.2355,1,Flat,0,5000
2026-07-24,SALM,508.5,1.497,56.7826,1,Flat,0,7000
2026-07-24,STB,200.6,1.0579,72.3212,1,Short,1,5000
2026-07-24,GJF,279,0.6493,58.8881,1,Flat,0,10000
2026-07-24,BAKKA,440.6,-0.2264,56.9889,1,Flat,0,3000
2026-07-24,SUBC,329.6,-0.3025,49.1164,1,Flat,0,5000
2026-07-24,AUTO,11.1,-2.1164,40.5543,1,Flat,0,4000
