Date,Ticker,Close,ChangePct,RSI14,IsLatest,StrategySide,IsSignal,MarketCapEURm
2025-07-22,NOKIA,4.107,,,0,Flat,0,5200
2025-07-23,NOKIA,3.796,-7.5724,,0,Flat,0,5200
2025-07-24,NOKIA,3.75,-1.2118,,0,Flat,0,5200
2025-07-25,NOKIA,3.701,-1.3067,,0,Flat,0,5200
2025-07-28,NOKIA,3.657,-1.1889,,0,Flat,0,5200
2025-07-29,NOKIA,3.419,-6.5081,,0,Flat,0,5200
2025-07-30,NOKIA,3.594,5.1185,,0,Flat,0,5200
2025-07-31,NOKIA,3.588,-0.1669,,0,Flat,0,5200
2025-08-01,NOKIA,3.47,-3.2887,,0,Flat,0,5200
2025-08-04,NOKIA,3.533,1.8156,,0,Flat,0,5200
2025-08-05,NOKIA,3.519,-0.3963,,0,Flat,0,5200
2025-08-06,NOKIA,3.514,-0.1421,,0,Flat,0,5200
2025-08-07,NOKIA,3.52,0.1707,,0,Flat,0,5200
2025-08-08,NOKIA,3.53,0.2841,,0,Flat,0,5200
2025-08-11,NOKIA,3.532,0.0567,23.5511,0,Long,1,5200
2025-08-12,NOKIA,3.563,0.8777,25.8291,0,Long,1,5200
2025-08-13,NOKIA,3.58,0.4771,27.1117,0,Long,1,5200
2025-08-14,NOKIA,3.556,-0.6704,26.4171,0,Long,1,5200
2025-08-15,NOKIA,3.614,1.631,31.0165,0,Flat,0,5200
2025-08-18,NOKIA,3.592,-0.6087,30.2443,0,Flat,0,5200
2025-08-19,NOKIA,3.646,1.5033,34.5516,0,Flat,0,5200
2025-08-20,NOKIA,3.625,-0.576,33.6806,0,Flat,0,5200
2025-08-21,NOKIA,3.62,-0.1379,33.4643,0,Flat,0,5200
2025-08-22,NOKIA,3.685,1.7956,38.9531,0,Flat,0,5200
2025-08-25,NOKIA,3.712,0.7327,41.1257,0,Flat,0,5200
2025-08-26,NOKIA,3.672,-1.0776,38.916,0,Flat,0,5200
2025-08-27,NOKIA,3.71,1.0349,42.0988,0,Flat,0,5200
2025-08-28,NOKIA,3.67,-1.0782,39.7509,0,Flat,0,5200
2025-08-29,NOKIA,3.679,0.2452,40.5542,0,Flat,0,5200
2025-09-01,NOKIA,3.702,0.6252,42.6585,0,Flat,0,5200
2025-09-02,NOKIA,3.646,-1.5127,39.0354,0,Flat,0,5200
2025-09-03,NOKIA,3.752,2.9073,48.0326,0,Flat,0,5200
2025-09-04,NOKIA,3.907,4.1311,57.8325,0,Flat,0,5200
2025-09-05,NOKIA,3.882,-0.6399,55.9982,0,Flat,0,5200
2025-09-08,NOKIA,3.885,0.0773,56.1778,0,Flat,0,5200
2025-09-09,NOKIA,3.898,0.3346,56.997,0,Flat,0,5200
2025-09-10,NOKIA,3.902,0.1026,57.2617,0,Flat,0,5200
2025-09-11,NOKIA,3.91,0.205,57.821,0,Flat,0,5200
2025-09-12,NOKIA,3.829,-2.0716,50.601,0,Flat,0,5200
2025-09-15,NOKIA,3.846,0.444,51.9569,0,Flat,0,5200
2025-09-16,NOKIA,3.835,-0.286,50.9818,0,Flat,0,5200
2025-09-17,NOKIA,3.952,3.0508,59.655,0,Flat,0,5200
2025-09-18,NOKIA,4.031,1.999,64.2541,0,Flat,0,5200
2025-09-19,NOKIA,4.008,-0.5706,62.0368,0,Flat,0,5200
2025-09-22,NOKIA,4.01,0.0499,62.1591,0,Flat,0,5200
2025-09-23,NOKIA,4.068,1.4464,65.6179,0,Flat,0,5200
2025-09-24,NOKIA,4.017,-1.2537,60.3909,0,Flat,0,5200
2025-09-25,NOKIA,4,-0.4232,58.7119,0,Flat,0,5200
2025-09-26,NOKIA,3.963,-0.925,55.1202,0,Flat,0,5200
2025-09-29,NOKIA,3.976,0.328,56.1356,0,Flat,0,5200
2025-09-30,NOKIA,4.079,2.5905,63.233,0,Flat,0,5200
2025-10-01,NOKIA,4.098,0.4658,64.378,0,Flat,0,5200
2025-10-02,NOKIA,4.13,0.7809,66.2825,0,Flat,0,5200
2025-10-03,NOKIA,4.147,0.4116,67.2832,0,Flat,0,5200
2025-10-06,NOKIA,4.218,1.7121,71.1364,0,Short,1,5200
2025-10-07,NOKIA,4.253,0.8298,72.8348,0,Short,1,5200
2025-10-08,NOKIA,4.386,3.1272,78.1068,0,Short,1,5200
2025-10-09,NOKIA,4.445,1.3452,79.9644,0,Short,1,5200
2025-10-10,NOKIA,4.54,2.1372,82.5341,0,Short,1,5200
2025-10-13,NOKIA,4.485,-1.2114,76.4229,0,Short,1,5200
2025-10-14,NOKIA,4.665,4.0134,81.3024,0,Short,1,5200
2025-10-15,NOKIA,4.768,2.2079,83.4173,0,Short,1,5200
2025-10-16,NOKIA,4.889,2.5377,85.4932,0,Short,1,5200
2025-10-17,NOKIA,4.876,-0.2659,84.2726,0,Short,1,5200
2025-10-20,NOKIA,4.871,-0.1025,83.7771,0,Short,1,5200
2025-10-21,NOKIA,4.841,-0.6159,80.7112,0,Short,1,5200
2025-10-22,NOKIA,4.733,-2.2309,70.6824,0,Short,1,5200
2025-10-23,NOKIA,5.246,10.8388,82.0754,0,Short,1,5200
2025-10-24,NOKIA,5.334,1.6775,83.276,0,Short,1,5200
2025-10-27,NOKIA,5.456,2.2872,84.7964,0,Short,1,5200
2025-10-28,NOKIA,6.594,20.8578,92.0535,0,Short,1,5200
2025-10-29,NOKIA,6.308,-4.3373,81.5218,0,Short,1,5200
2025-10-30,NOKIA,6.176,-2.0926,77.1355,0,Short,1,5200
2025-10-31,NOKIA,5.864,-5.0518,67.8435,0,Flat,0,5200
2025-11-03,NOKIA,6.152,4.9113,71.2825,0,Short,1,5200
2025-11-04,NOKIA,5.952,-3.251,66.0036,0,Flat,0,5200
2025-11-05,NOKIA,5.932,-0.336,65.4813,0,Flat,0,5200
2025-11-06,NOKIA,5.946,0.236,65.686,0,Flat,0,5200
2025-11-07,NOKIA,5.852,-1.5809,62.9857,0,Flat,0,5200
2025-11-10,NOKIA,5.856,0.0683,63.0553,0,Flat,0,5200
2025-11-11,NOKIA,5.912,0.9563,64.0738,0,Flat,0,5200
2025-11-12,NOKIA,5.992,1.3532,65.5355,0,Flat,0,5200
2025-11-13,NOKIA,5.978,-0.2336,65.0368,0,Flat,0,5200
2025-11-14,NOKIA,5.83,-2.4757,59.8516,0,Flat,0,5200
2025-11-17,NOKIA,5.778,-0.8919,58.099,0,Flat,0,5200
2025-11-18,NOKIA,5.644,-2.3191,53.7323,0,Flat,0,5200
2025-11-19,NOKIA,5.25,-6.9809,43.403,0,Flat,0,5200
2025-11-20,NOKIA,5.2,-0.9524,42.2919,0,Flat,0,5200
2025-11-21,NOKIA,5.13,-1.3461,40.7202,0,Flat,0,5200
2025-11-24,NOKIA,5.196,1.2865,42.8758,0,Flat,0,5200
2025-11-25,NOKIA,5.228,0.6159,43.9401,0,Flat,0,5200
2025-11-26,NOKIA,5.224,-0.0765,43.8302,0,Flat,0,5200
2025-11-27,NOKIA,5.254,0.5743,44.9428,0,Flat,0,5200
2025-11-28,NOKIA,5.242,-0.2284,44.5625,0,Flat,0,5200
2025-12-01,NOKIA,5.278,0.6868,46.0375,0,Flat,0,5200
2025-12-02,NOKIA,5.312,0.6442,47.4593,0,Flat,0,5200
2025-12-03,NOKIA,5.276,-0.6777,46.075,0,Flat,0,5200
2025-12-04,NOKIA,5.31,0.6444,47.6287,0,Flat,0,5200
2025-12-05,NOKIA,5.226,-1.5819,44.2376,0,Flat,0,5200
2025-12-08,NOKIA,5.278,0.995,46.7644,0,Flat,0,5200
2025-12-09,NOKIA,5.354,1.4399,50.3086,0,Flat,0,5200
2025-12-10,NOKIA,5.306,-0.8965,48.1292,0,Flat,0,5200
2025-12-11,NOKIA,5.406,1.8847,52.7241,0,Flat,0,5200
2025-12-12,NOKIA,5.27,-2.5157,46.6692,0,Flat,0,5200
2025-12-15,NOKIA,5.278,0.1518,47.0544,0,Flat,0,5200
2025-12-16,NOKIA,5.278,0,47.0544,0,Flat,0,5200
2025-12-17,NOKIA,5.314,0.6821,48.9776,0,Flat,0,5200
2025-12-18,NOKIA,5.43,2.1829,54.689,0,Flat,0,5200
2025-12-19,NOKIA,5.458,0.5157,55.9702,0,Flat,0,5200
2025-12-22,NOKIA,5.502,0.8062,57.9808,0,Flat,0,5200
2025-12-23,NOKIA,5.518,0.2908,58.7191,0,Flat,0,5200
2025-12-29,NOKIA,5.578,1.0873,61.454,0,Flat,0,5200
2025-12-30,NOKIA,5.572,-0.1076,61.0186,0,Flat,0,5200
2026-01-02,NOKIA,5.524,-0.8614,57.5087,0,Flat,0,5200
2026-01-05,NOKIA,5.564,0.7241,59.5945,0,Flat,0,5200
2026-01-07,NOKIA,5.768,3.6664,68.1748,0,Flat,0,5200
2026-01-08,NOKIA,5.574,-3.3634,55.9967,0,Flat,0,5200
2026-01-09,NOKIA,5.6,0.4665,57.1027,0,Flat,0,5200
2026-01-12,NOKIA,5.582,-0.3214,56.0523,0,Flat,0,5200
2026-01-13,NOKIA,5.592,0.1792,56.5307,0,Flat,0,5200
2026-01-14,NOKIA,5.638,0.8226,58.7548,0,Flat,0,5200
2026-01-15,NOKIA,5.826,3.3345,66.3357,0,Flat,0,5200
2026-01-16,NOKIA,5.708,-2.0254,59.005,0,Flat,0,5200
2026-01-19,NOKIA,5.64,-1.1913,55.218,0,Flat,0,5200
2026-01-20,NOKIA,5.546,-1.6667,50.4023,0,Flat,0,5200
2026-01-21,NOKIA,5.492,-0.9737,47.8221,0,Flat,0,5200
2026-01-22,NOKIA,5.558,1.2017,51.116,0,Flat,0,5200
2026-01-23,NOKIA,5.702,2.5909,57.4303,0,Flat,0,5200
2026-01-26,NOKIA,5.782,1.403,60.4841,0,Flat,0,5200
2026-01-27,NOKIA,5.882,1.7295,63.964,0,Flat,0,5200
2026-01-28,NOKIA,5.662,-3.7402,52.9221,0,Flat,0,5200
2026-01-29,NOKIA,5.156,-8.9368,37.0711,0,Flat,0,5200
2026-01-30,NOKIA,5.424,5.1978,46.2532,0,Flat,0,5200
2026-02-02,NOKIA,5.584,2.9499,50.8629,0,Flat,0,5200
2026-02-03,NOKIA,5.616,0.5731,51.7541,0,Flat,0,5200
2026-02-04,NOKIA,5.76,2.5641,55.6522,0,Flat,0,5200
2026-02-05,NOKIA,5.8,0.6944,56.6988,0,Flat,0,5200
2026-02-06,NOKIA,5.884,1.4483,58.8927,0,Flat,0,5200
2026-02-09,NOKIA,5.966,1.3936,60.9716,0,Flat,0,5200
2026-02-10,NOKIA,5.974,0.1341,61.1779,0,Flat,0,5200
2026-02-11,NOKIA,6.072,1.6404,63.7083,0,Flat,0,5200
2026-02-12,NOKIA,5.832,-3.9526,54.3631,0,Flat,0,5200
2026-02-13,NOKIA,5.868,0.6173,55.4195,0,Flat,0,5200
2026-02-16,NOKIA,5.962,1.6019,58.1438,0,Flat,0,5200
2026-02-17,NOKIA,6.016,0.9057,59.6686,0,Flat,0,5200
2026-02-18,NOKIA,6.26,4.0559,65.7416,0,Flat,0,5200
2026-02-19,NOKIA,6.35,1.4377,67.6751,0,Flat,0,5200
2026-02-20,NOKIA,6.424,1.1654,69.2136,0,Flat,0,5200
2026-02-23,NOKIA,6.416,-0.1245,68.8322,0,Flat,0,5200
2026-02-24,NOKIA,6.324,-1.4339,64.4347,0,Flat,0,5200
2026-02-25,NOKIA,6.422,1.5497,66.8632,0,Flat,0,5200
2026-02-26,NOKIA,6.232,-2.9586,58.5199,0,Flat,0,5200
2026-02-27,NOKIA,6.484,4.0437,64.7946,0,Flat,0,5200
2026-03-02,NOKIA,6.83,5.3362,71.2297,0,Short,1,5200
2026-03-03,NOKIA,6.716,-1.6691,66.8913,0,Flat,0,5200
2026-03-04,NOKIA,7.032,4.7052,71.985,0,Short,1,5200
2026-03-05,NOKIA,6.658,-5.3185,60.1836,0,Flat,0,5200
2026-03-06,NOKIA,6.704,0.6909,61.0298,0,Flat,0,5200
2026-03-09,NOKIA,6.688,-0.2387,60.5478,0,Flat,0,5200
2026-03-10,NOKIA,6.714,0.3888,61.0857,0,Flat,0,5200
2026-03-11,NOKIA,6.832,1.7575,63.5167,0,Flat,0,5200
2026-03-12,NOKIA,7.138,4.4789,68.9363,0,Flat,0,5200
2026-03-13,NOKIA,7.204,0.9246,69.9724,0,Flat,0,5200
2026-03-16,NOKIA,7.488,3.9423,73.9923,0,Short,1,5200
2026-03-17,NOKIA,7.464,-0.3205,73.1016,0,Short,1,5200
2026-03-18,NOKIA,7.332,-1.7685,68.2367,0,Flat,0,5200
2026-03-19,NOKIA,7.1,-3.1642,60.603,0,Flat,0,5200
2026-03-20,NOKIA,6.916,-2.5915,55.3174,0,Flat,0,5200
2026-03-23,NOKIA,6.902,-0.2024,54.9248,0,Flat,0,5200
2026-03-24,NOKIA,7.04,1.9994,58.0823,0,Flat,0,5200
2026-03-25,NOKIA,7.3,3.6932,63.2986,0,Flat,0,5200
2026-03-26,NOKIA,7.232,-0.9315,61.1551,0,Flat,0,5200
2026-03-27,NOKIA,6.866,-5.0608,51.121,0,Flat,0,5200
2026-03-30,NOKIA,6.94,1.0778,52.807,0,Flat,0,5200
2026-03-31,NOKIA,6.796,-2.0749,49.2471,0,Flat,0,5200
2026-04-01,NOKIA,7.108,4.5909,56.1453,0,Flat,0,5200
2026-04-02,NOKIA,7.35,3.4046,60.6166,0,Flat,0,5200
2026-04-07,NOKIA,7.476,1.7143,62.7463,0,Flat,0,5200
2026-04-08,NOKIA,8.02,7.2766,70.2313,0,Short,1,5200
2026-04-09,NOKIA,8.056,0.4489,70.6515,0,Short,1,5200
2026-04-10,NOKIA,8.034,-0.2731,70.0012,0,Short,1,5200
2026-04-13,NOKIA,8.618,7.2691,76.2507,0,Short,1,5200
2026-04-14,NOKIA,8.74,1.4156,77.3139,0,Short,1,5200
2026-04-15,NOKIA,8.532,-2.3799,71.4414,0,Short,1,5200
2026-04-16,NOKIA,8.592,0.7032,72.0998,0,Short,1,5200
2026-04-17,NOKIA,8.646,0.6285,72.7095,0,Short,1,5200
2026-04-20,NOKIA,8.938,3.3773,75.7905,0,Short,1,5200
2026-04-21,NOKIA,8.832,-1.1859,72.5869,0,Short,1,5200
2026-04-22,NOKIA,8.51,-3.6458,63.7687,0,Flat,0,5200
2026-04-23,NOKIA,9.05,6.3455,70.2877,0,Short,1,5200
2026-04-24,NOKIA,8.946,-1.1492,67.759,0,Flat,0,5200
2026-04-27,NOKIA,9.276,3.6888,71.2886,0,Short,1,5200
2026-04-28,NOKIA,9.41,1.4446,72.6004,0,Short,1,5200
2026-04-29,NOKIA,10.31,9.5643,79.4058,0,Short,1,5200
2026-04-30,NOKIA,10.605,2.8613,81.0658,0,Short,1,5200
2026-05-04,NOKIA,11.39,7.4022,84.6188,0,Short,1,5200
2026-05-05,NOKIA,11.425,0.3073,84.7562,0,Short,1,5200
2026-05-06,NOKIA,11.345,-0.7002,82.9332,0,Short,1,5200
2026-05-07,NOKIA,10.545,-7.0516,67.3364,0,Flat,0,5200
2026-05-08,NOKIA,10.945,3.7933,70.34,0,Short,1,5200
2026-05-11,NOKIA,11.39,4.0658,73.2833,0,Short,1,5200
2026-05-12,NOKIA,11.085,-2.6778,68.2818,0,Flat,0,5200
2026-05-13,NOKIA,11.92,7.5327,73.5949,0,Short,1,5200
2026-05-15,NOKIA,11.905,-0.1258,73.3572,0,Short,1,5200
2026-05-18,NOKIA,11.73,-1.47,70.4962,0,Short,1,5200
2026-05-19,NOKIA,11.585,-1.2361,68.1254,0,Flat,0,5200
2026-05-20,NOKIA,11.735,1.2948,69.2765,0,Flat,0,5200
2026-05-21,NOKIA,12.08,2.9399,71.7991,0,Short,1,5200
2026-05-22,NOKIA,13.255,9.7268,78.3261,0,Short,1,5200
2026-05-25,NOKIA,13.065,-1.4334,75.2915,0,Short,1,5200
2026-05-26,NOKIA,13.835,5.8936,78.8652,0,Short,1,5200
2026-05-27,NOKIA,13.46,-2.7105,73.3045,0,Short,1,5200
2026-05-28,NOKIA,13.2,-1.9317,69.6384,0,Flat,0,5200
2026-05-29,NOKIA,12.58,-4.697,61.7123,0,Flat,0,5200
2026-06-01,NOKIA,13.32,5.8824,66.5988,0,Flat,0,5200
2026-06-02,NOKIA,14.37,7.8829,72.0497,0,Short,1,5200
2026-06-03,NOKIA,14.685,2.1921,73.4495,0,Short,1,5200
2026-06-04,NOKIA,13.935,-5.1073,65.0906,0,Flat,0,5200
2026-06-05,NOKIA,13.09,-6.0639,57.1932,0,Flat,0,5200
2026-06-08,NOKIA,12.965,-0.9549,56.1087,0,Flat,0,5200
2026-06-09,NOKIA,12.04,-7.1346,48.7429,0,Flat,0,5200
2026-06-10,NOKIA,11.945,-0.789,48.0453,0,Flat,0,5200
2026-06-11,NOKIA,11.795,-1.2558,46.9039,0,Flat,0,5200
2026-06-12,NOKIA,12.965,9.9195,55.7372,0,Flat,0,5200
2026-06-15,NOKIA,12.38,-4.5121,51.1547,0,Flat,0,5200
2026-06-16,NOKIA,12.095,-2.3021,49.0394,0,Flat,0,5200
2026-06-17,NOKIA,12.025,-0.5788,48.5088,0,Flat,0,5200
2026-06-18,NOKIA,11.98,-0.3742,48.1482,0,Flat,0,5200
2026-06-22,NOKIA,12.28,2.5042,50.7756,0,Flat,0,5200
2026-06-23,NOKIA,12,-2.2801,48.3148,0,Flat,0,5200
2026-06-24,NOKIA,12.315,2.625,51.1813,0,Flat,0,5200
2026-06-25,NOKIA,12.185,-1.0556,49.9501,0,Flat,0,5200
2026-06-26,NOKIA,11.39,-6.5244,43.1189,0,Flat,0,5200
2026-06-29,NOKIA,11.215,-1.5364,41.7649,0,Flat,0,5200
2026-06-30,NOKIA,11.555,3.0317,45.3552,0,Flat,0,5200
2026-07-01,NOKIA,11.385,-1.4712,43.8979,0,Flat,0,5200
2026-07-02,NOKIA,10.785,-5.2701,39.1204,0,Flat,0,5200
2026-07-03,NOKIA,11.17,3.5698,43.3787,0,Flat,0,5200
2026-07-06,NOKIA,11.03,-1.2534,42.2221,0,Flat,0,5200
2026-07-07,NOKIA,10.42,-5.5304,37.5274,0,Flat,0,5200
2026-07-08,NOKIA,10.215,-1.9674,36.0756,0,Flat,0,5200
2026-07-09,NOKIA,11.2,9.6427,46.7376,0,Flat,0,5200
2026-07-10,NOKIA,10.895,-2.7232,44.2751,0,Flat,0,5200
2026-07-13,NOKIA,10.56,-3.0748,41.6776,0,Flat,0,5200
2026-07-14,NOKIA,10.275,-2.6989,39.5517,0,Flat,0,5200
2026-07-15,NOKIA,9.782,-4.7981,36.1196,0,Flat,0,5200
2026-07-16,NOKIA,9.152,-6.4404,32.2664,0,Flat,0,5200
2026-07-17,NOKIA,8.852,-3.278,30.5927,0,Flat,0,5200
2026-07-20,NOKIA,8.918,0.7456,31.4353,0,Flat,0,5200
2026-07-21,NOKIA,9.386,5.2478,37.2524,0,Flat,0,5200
2026-07-22,NOKIA,9.166,-2.3439,35.7183,1,Flat,0,5200
2026-07-22,SAMPO,9.668,0.9186,63.0737,1,Flat,0,22000
2026-07-22,KNEBV,46.72,-3.0705,30.8416,1,Flat,0,28000
2025-07-22,NESTE,13.105,,,0,Flat,0,12000
2025-07-23,NESTE,13.13,0.1908,,0,Flat,0,12000
2025-07-24,NESTE,14.815,12.8332,,0,Flat,0,12000
2025-07-25,NESTE,14.535,-1.89,,0,Flat,0,12000
2025-07-28,NESTE,14.505,-0.2064,,0,Flat,0,12000
2025-07-29,NESTE,14.1,-2.7921,,0,Flat,0,12000
2025-07-30,NESTE,14.025,-0.5319,,0,Flat,0,12000
2025-07-31,NESTE,13.835,-1.3547,,0,Flat,0,12000
2025-08-01,NESTE,13.75,-0.6144,,0,Flat,0,12000
2025-08-04,NESTE,13.565,-1.3455,,0,Flat,0,12000
2025-08-05,NESTE,14.21,4.7549,,0,Flat,0,12000
2025-08-06,NESTE,14.31,0.7037,,0,Flat,0,12000
2025-08-07,NESTE,14.66,2.4458,,0,Flat,0,12000
2025-08-08,NESTE,14.735,0.5116,,0,Flat,0,12000
2025-08-11,NESTE,14.385,-2.3753,64.2857,0,Flat,0,12000
2025-08-12,NESTE,14.36,-0.1738,63.9017,0,Flat,0,12000
2025-08-13,NESTE,14.455,0.6616,64.7631,0,Flat,0,12000
2025-08-14,NESTE,14.735,1.937,67.2441,0,Flat,0,12000
2025-08-15,NESTE,14.635,-0.6787,65.4711,0,Flat,0,12000
2025-08-18,NESTE,14.32,-2.1524,60.0959,0,Flat,0,12000
2025-08-19,NESTE,14.86,3.7709,65.3481,0,Flat,0,12000
2025-08-20,NESTE,14.705,-1.0431,62.7933,0,Flat,0,12000
2025-08-21,NESTE,14.82,0.782,63.9203,0,Flat,0,12000
2025-08-22,NESTE,15.825,6.7814,71.9243,0,Short,1,12000
2025-08-25,NESTE,16.145,2.0221,73.909,0,Short,1,12000
2025-08-26,NESTE,15.905,-1.4865,69.9169,0,Flat,0,12000
2025-08-27,NESTE,16.035,0.8174,70.8358,0,Short,1,12000
2025-08-28,NESTE,15.905,-0.8107,68.5799,0,Flat,0,12000
2025-08-29,NESTE,15.69,-1.3518,64.8987,0,Flat,0,12000
2025-09-01,NESTE,16.025,2.1351,67.799,0,Flat,0,12000
2025-09-02,NESTE,15.895,-0.8112,65.536,0,Flat,0,12000
2025-09-03,NESTE,16.19,1.8559,68.1352,0,Flat,0,12000
2025-09-04,NESTE,16.275,0.525,68.8639,0,Flat,0,12000
2025-09-05,NESTE,16.775,3.0722,72.8036,0,Short,1,12000
2025-09-08,NESTE,16.71,-0.3875,71.5363,0,Short,1,12000
2025-09-09,NESTE,16.795,0.5087,72.2174,0,Short,1,12000
2025-09-10,NESTE,16.57,-1.3397,67.6062,0,Flat,0,12000
2025-09-11,NESTE,16.81,1.4484,69.8198,0,Flat,0,12000
2025-09-12,NESTE,16.635,-1.041,66.2641,0,Flat,0,12000
2025-09-15,NESTE,16.84,1.2323,68.3007,0,Flat,0,12000
2025-09-16,NESTE,17.28,2.6128,72.1823,0,Short,1,12000
2025-09-17,NESTE,17.02,-1.5046,66.9642,0,Flat,0,12000
2025-09-18,NESTE,16.415,-3.5546,56.694,0,Flat,0,12000
2025-09-19,NESTE,15.985,-2.6196,50.7377,0,Flat,0,12000
2025-09-22,NESTE,16.065,0.5005,51.7533,0,Flat,0,12000
2025-09-23,NESTE,16.56,3.0812,57.5805,0,Flat,0,12000
2025-09-24,NESTE,16.815,1.5399,60.2443,0,Flat,0,12000
2025-09-25,NESTE,16.83,0.0892,60.4018,0,Flat,0,12000
2025-09-26,NESTE,16.21,-3.6839,51.3457,0,Flat,0,12000
2025-09-29,NESTE,16.085,-0.7711,49.7269,0,Flat,0,12000
2025-09-30,NESTE,15.585,-3.1085,43.7811,0,Flat,0,12000
2025-10-01,NESTE,15.975,2.5024,48.9123,0,Flat,0,12000
2025-10-02,NESTE,16.305,2.0657,52.835,0,Flat,0,12000
2025-10-03,NESTE,16.155,-0.92,50.9211,0,Flat,0,12000
2025-10-06,NESTE,16.275,0.7428,52.4064,0,Flat,0,12000
2025-10-07,NESTE,16.115,-0.9831,50.2238,0,Flat,0,12000
2025-10-08,NESTE,16.08,-0.2172,49.7359,0,Flat,0,12000
2025-10-09,NESTE,16.275,1.2127,52.5046,0,Flat,0,12000
2025-10-10,NESTE,16.21,-0.3994,51.4865,0,Flat,0,12000
2025-10-13,NESTE,16.875,4.1024,60.0264,0,Flat,0,12000
2025-10-14,NESTE,16.805,-0.4148,58.852,0,Flat,0,12000
2025-10-15,NESTE,16.695,-0.6546,56.9659,0,Flat,0,12000
2025-10-16,NESTE,16.685,-0.0599,56.7877,0,Flat,0,12000
2025-10-17,NESTE,16.5,-1.1088,53.4566,0,Flat,0,12000
2025-10-20,NESTE,16.82,1.9394,58.0414,0,Flat,0,12000
2025-10-21,NESTE,16.425,-2.3484,51.3211,0,Flat,0,12000
2025-10-22,NESTE,17.075,3.9574,59.6089,0,Flat,0,12000
2025-10-23,NESTE,17.53,2.6647,64.2032,0,Flat,0,12000
2025-10-24,NESTE,18.3,4.3925,70.3498,0,Short,1,12000
2025-10-27,NESTE,18.4,0.5465,71.0451,0,Short,1,12000
2025-10-28,NESTE,18.425,0.1359,71.2268,0,Short,1,12000
2025-10-29,NESTE,18.92,2.6866,74.622,0,Short,1,12000
2025-10-30,NESTE,18.6,-1.6913,68.9571,0,Flat,0,12000
2025-10-31,NESTE,17.955,-3.4677,59.2016,0,Flat,0,12000
2025-11-03,NESTE,17.8,-0.8633,57.1106,0,Flat,0,12000
2025-11-04,NESTE,17.145,-3.6798,49.2021,0,Flat,0,12000
2025-11-05,NESTE,17.065,-0.4666,48.322,0,Flat,0,12000
2025-11-06,NESTE,17.845,4.5708,56.4937,0,Flat,0,12000
2025-11-07,NESTE,17.54,-1.7092,52.9667,0,Flat,0,12000
2025-11-10,NESTE,17.395,-0.8267,51.3262,0,Flat,0,12000
2025-11-11,NESTE,18.265,5.0014,59.443,0,Flat,0,12000
2025-11-12,NESTE,17.825,-2.409,54.4936,0,Flat,0,12000
2025-11-13,NESTE,18.15,1.8233,57.3204,0,Flat,0,12000
2025-11-14,NESTE,18.305,0.854,58.64,0,Flat,0,12000
2025-11-17,NESTE,17.925,-2.0759,54.2144,0,Flat,0,12000
2025-11-18,NESTE,17.675,-1.3947,51.4627,0,Flat,0,12000
2025-11-19,NESTE,17.175,-2.8289,46.3912,0,Flat,0,12000
2025-11-20,NESTE,17.36,1.0772,48.4167,0,Flat,0,12000
2025-11-21,NESTE,16.725,-3.6578,42.4832,0,Flat,0,12000
2025-11-24,NESTE,16.1,-3.7369,37.5991,0,Flat,0,12000
2025-11-25,NESTE,15.965,-0.8385,36.6198,0,Flat,0,12000
2025-11-26,NESTE,16.5,3.3511,42.9603,0,Flat,0,12000
2025-11-27,NESTE,16.72,1.3333,45.3801,0,Flat,0,12000
2025-11-28,NESTE,16.64,-0.4785,44.6385,0,Flat,0,12000
2025-12-01,NESTE,16.89,1.5024,47.5245,0,Flat,0,12000
2025-12-02,NESTE,17.14,1.4802,50.3138,0,Flat,0,12000
2025-12-03,NESTE,17.655,3.0047,55.5549,0,Flat,0,12000
2025-12-04,NESTE,17.365,-1.6426,52.2148,0,Flat,0,12000
2025-12-05,NESTE,18.305,5.4132,60.5038,0,Flat,0,12000
2025-12-08,NESTE,18.34,0.1912,60.7766,0,Flat,0,12000
2025-12-09,NESTE,18.045,-1.6085,57.1908,0,Flat,0,12000
2025-12-10,NESTE,19.08,5.7357,64.9943,0,Flat,0,12000
2025-12-11,NESTE,18.98,-0.5241,63.7845,0,Flat,0,12000
2025-12-12,NESTE,18.315,-3.5037,56.2819,0,Flat,0,12000
2025-12-15,NESTE,18.6,1.5561,58.5331,0,Flat,0,12000
2025-12-16,NESTE,18.215,-2.0699,54.4539,0,Flat,0,12000
2025-12-17,NESTE,18.355,0.7686,55.6639,0,Flat,0,12000
2025-12-18,NESTE,18.42,0.3541,56.2451,0,Flat,0,12000
2025-12-19,NESTE,18.5,0.4343,56.9923,0,Flat,0,12000
2025-12-22,NESTE,18.685,1,58.7469,0,Flat,0,12000
2025-12-23,NESTE,18.885,1.0704,60.6175,0,Flat,0,12000
2025-12-29,NESTE,19.24,1.8798,63.7588,0,Flat,0,12000
2025-12-30,NESTE,19.41,0.8836,65.1906,0,Flat,0,12000
2026-01-02,NESTE,19.92,2.6275,69.1309,0,Flat,0,12000
2026-01-05,NESTE,20.31,1.9578,71.7632,0,Short,1,12000
2026-01-07,NESTE,20.02,-1.4279,67.1761,0,Flat,0,12000
2026-01-08,NESTE,19.59,-2.1479,60.9546,0,Flat,0,12000
2026-01-09,NESTE,19.87,1.4293,63.3358,0,Flat,0,12000
2026-01-12,NESTE,19.91,0.2013,63.6766,0,Flat,0,12000
2026-01-13,NESTE,20.38,2.3606,67.4993,0,Flat,0,12000
2026-01-14,NESTE,20.27,-0.5397,65.7551,0,Flat,0,12000
2026-01-15,NESTE,20.55,1.3813,68.0204,0,Flat,0,12000
2026-01-16,NESTE,20.2,-1.7032,62.4587,0,Flat,0,12000
2026-01-19,NESTE,19.7,-2.4752,55.4796,0,Flat,0,12000
2026-01-20,NESTE,19.84,0.7107,56.9308,0,Flat,0,12000
2026-01-21,NESTE,20.36,2.621,61.8985,0,Flat,0,12000
2026-01-22,NESTE,20.83,2.3084,65.7444,0,Flat,0,12000
2026-01-23,NESTE,20.72,-0.5281,64.1133,0,Flat,0,12000
2026-01-26,NESTE,21.99,6.1293,72.5736,0,Short,1,12000
2026-01-27,NESTE,21.68,-1.4097,68.3385,0,Flat,0,12000
2026-01-28,NESTE,21.36,-1.476,64.1754,0,Flat,0,12000
2026-01-29,NESTE,21.41,0.2341,64.5389,0,Flat,0,12000
2026-01-30,NESTE,21.56,0.7006,65.6645,0,Flat,0,12000
2026-02-02,NESTE,21.35,-0.974,62.6655,0,Flat,0,12000
2026-02-03,NESTE,21.61,1.2178,64.8085,0,Flat,0,12000
2026-02-04,NESTE,21.51,-0.4628,63.3034,0,Flat,0,12000
2026-02-05,NESTE,20.63,-4.0911,51.8846,0,Flat,0,12000
2026-02-06,NESTE,21.14,2.4721,56.7534,0,Flat,0,12000
2026-02-09,NESTE,20.87,-1.2772,53.6578,0,Flat,0,12000
2026-02-10,NESTE,20.41,-2.2041,48.7764,0,Flat,0,12000
2026-02-11,NESTE,21.04,3.0867,54.8363,0,Flat,0,12000
2026-02-12,NESTE,20.51,-2.519,49.5279,0,Flat,0,12000
2026-02-13,NESTE,20.75,1.1702,51.8032,0,Flat,0,12000
2026-02-16,NESTE,20.54,-1.012,49.6923,0,Flat,0,12000
2026-02-17,NESTE,20.5,-0.1947,49.2803,0,Flat,0,12000
2026-02-18,NESTE,20.97,2.2927,54.0954,0,Flat,0,12000
2026-02-19,NESTE,21.45,2.289,58.4353,0,Flat,0,12000
2026-02-20,NESTE,21.29,-0.7459,56.5172,0,Flat,0,12000
2026-02-23,NESTE,21.07,-1.0334,53.8975,0,Flat,0,12000
2026-02-24,NESTE,21.21,0.6644,55.3169,0,Flat,0,12000
2026-02-25,NESTE,21.36,0.7072,56.8498,0,Flat,0,12000
2026-02-26,NESTE,21.3,-0.2809,56.0219,0,Flat,0,12000
2026-02-27,NESTE,21.18,-0.5634,54.3182,0,Flat,0,12000
2026-03-02,NESTE,22.68,7.0822,67.5874,0,Flat,0,12000
2026-03-03,NESTE,22.71,0.1323,67.7889,0,Flat,0,12000
2026-03-04,NESTE,22.53,-0.7926,65.1708,0,Flat,0,12000
2026-03-05,NESTE,24.62,9.2765,76.5135,0,Short,1,12000
2026-03-06,NESTE,25.06,1.7872,78.1284,0,Short,1,12000
2026-03-09,NESTE,24.95,-0.4389,76.7084,0,Short,1,12000
2026-03-10,NESTE,24.5,-1.8036,71.0214,0,Short,1,12000
2026-03-11,NESTE,25.41,3.7143,75.0497,0,Short,1,12000
2026-03-12,NESTE,27.89,9.7599,82.2794,0,Short,1,12000
2026-03-13,NESTE,27.2,-2.474,75.7065,0,Short,1,12000
2026-03-16,NESTE,27.14,-0.2206,75.1443,0,Short,1,12000
2026-03-17,NESTE,28.73,5.8585,79.4905,0,Short,1,12000
2026-03-18,NESTE,28.76,0.1044,79.5631,0,Short,1,12000
2026-03-19,NESTE,29.7,3.2684,81.744,0,Short,1,12000
2026-03-20,NESTE,29.48,-0.7407,79.6029,0,Short,1,12000
2026-03-23,NESTE,27.52,-6.6486,63.616,0,Flat,0,12000
2026-03-24,NESTE,28.8,4.6512,68.119,0,Flat,0,12000
2026-03-25,NESTE,28.58,-0.7639,66.5935,0,Flat,0,12000
2026-03-26,NESTE,28.36,-0.7698,65.0252,0,Flat,0,12000
2026-03-27,NESTE,26.93,-5.0423,55.8228,0,Flat,0,12000
2026-03-30,NESTE,27.65,2.6736,58.9712,0,Flat,0,12000
2026-03-31,NESTE,27.95,1.085,60.2426,0,Flat,0,12000
2026-04-01,NESTE,26.84,-3.9714,53.6217,0,Flat,0,12000
2026-04-02,NESTE,27.18,1.2668,55.2442,0,Flat,0,12000
2026-04-07,NESTE,26.75,-1.582,52.7316,0,Flat,0,12000
2026-04-08,NESTE,25.33,-5.3084,45.3896,0,Flat,0,12000
2026-04-09,NESTE,26.11,3.0794,49.5452,0,Flat,0,12000
2026-04-10,NESTE,25.68,-1.6469,47.4037,0,Flat,0,12000
2026-04-13,NESTE,25.56,-0.4673,46.7958,0,Flat,0,12000
2026-04-14,NESTE,25.26,-1.1737,45.234,0,Flat,0,12000
2026-04-15,NESTE,24.43,-3.2858,41.143,0,Flat,0,12000
2026-04-16,NESTE,24.63,0.8187,42.4926,0,Flat,0,12000
2026-04-17,NESTE,23.49,-4.6285,37.2493,0,Flat,0,12000
2026-04-20,NESTE,24.32,3.5334,42.7849,0,Flat,0,12000
2026-04-21,NESTE,24.95,2.5905,46.6332,0,Flat,0,12000
2026-04-22,NESTE,25.38,1.7234,49.1473,0,Flat,0,12000
2026-04-23,NESTE,25.92,2.1277,52.1931,0,Flat,0,12000
2026-04-24,NESTE,26.6,2.6235,55.7846,0,Flat,0,12000
2026-04-27,NESTE,26.79,0.7143,56.762,0,Flat,0,12000
2026-04-28,NESTE,27.69,3.3595,61.1437,0,Flat,0,12000
2026-04-29,NESTE,29.43,6.2839,67.9136,0,Flat,0,12000
2026-04-30,NESTE,29.37,-0.2039,67.477,0,Flat,0,12000
2026-05-04,NESTE,30.3,3.1665,70.6287,0,Short,1,12000
2026-05-05,NESTE,29.51,-2.6073,64.8773,0,Flat,0,12000
2026-05-06,NESTE,28.04,-4.9814,55.7757,0,Flat,0,12000
2026-05-07,NESTE,27.29,-2.6748,51.7841,0,Flat,0,12000
2026-05-08,NESTE,27.35,0.2199,52.0795,0,Flat,0,12000
2026-05-11,NESTE,28.6,4.5704,57.8715,0,Flat,0,12000
2026-05-12,NESTE,28.89,1.014,59.1064,0,Flat,0,12000
2026-05-13,NESTE,28.52,-1.2807,56.818,0,Flat,0,12000
2026-05-15,NESTE,28.56,0.1402,57.0118,0,Flat,0,12000
2026-05-18,NESTE,29.09,1.8557,59.5987,0,Flat,0,12000
2026-05-19,NESTE,28.86,-0.7906,57.9684,0,Flat,0,12000
2026-05-20,NESTE,28.45,-1.4207,55.0762,0,Flat,0,12000
2026-05-21,NESTE,28.41,-0.1406,54.789,0,Flat,0,12000
2026-05-22,NESTE,28.39,-0.0704,54.6356,0,Flat,0,12000
2026-05-25,NESTE,27.28,-3.9098,46.8028,0,Flat,0,12000
2026-05-26,NESTE,27.7,1.5396,49.739,0,Flat,0,12000
2026-05-27,NESTE,27.16,-1.9495,46.2077,0,Flat,0,12000
2026-05-28,NESTE,27.67,1.8778,49.8304,0,Flat,0,12000
2026-05-29,NESTE,28.13,1.6624,52.9109,0,Flat,0,12000
2026-06-01,NESTE,29.84,6.0789,62.202,0,Flat,0,12000
2026-06-02,NESTE,29.45,-1.307,59.3269,0,Flat,0,12000
2026-06-03,NESTE,30.11,2.2411,62.4869,0,Flat,0,12000
2026-06-04,NESTE,29.06,-3.4872,55.1463,0,Flat,0,12000
2026-06-05,NESTE,28.78,-0.9635,53.3466,0,Flat,0,12000
2026-06-08,NESTE,29.12,1.1814,55.2561,0,Flat,0,12000
2026-06-09,NESTE,27.93,-4.0865,47.8709,0,Flat,0,12000
2026-06-10,NESTE,28.34,1.468,50.3339,0,Flat,0,12000
2026-06-11,NESTE,29.25,3.211,55.3738,0,Flat,0,12000
2026-06-12,NESTE,27.71,-5.265,46.7314,0,Flat,0,12000
2026-06-15,NESTE,26.44,-4.5832,41.0425,0,Flat,0,12000
2026-06-16,NESTE,27,2.118,44.2645,0,Flat,0,12000
2026-06-17,NESTE,26.88,-0.4444,43.7132,0,Flat,0,12000
2026-06-18,NESTE,26.33,-2.0461,41.1816,0,Flat,0,12000
2026-06-22,NESTE,26.77,1.6711,43.9769,0,Flat,0,12000
2026-06-23,NESTE,27.09,1.1954,45.9873,0,Flat,0,12000
2026-06-24,NESTE,26.33,-2.8055,42.1212,0,Flat,0,12000
2026-06-25,NESTE,27.25,3.4941,47.8379,0,Flat,0,12000
2026-06-26,NESTE,27.18,-0.2569,47.4538,0,Flat,0,12000
2026-06-29,NESTE,27.59,1.5085,49.9865,0,Flat,0,12000
2026-06-30,NESTE,28.64,3.8057,55.8547,0,Flat,0,12000
2026-07-01,NESTE,27.56,-3.7709,49.4303,0,Flat,0,12000
2026-07-02,NESTE,27.96,1.4514,51.6485,0,Flat,0,12000
2026-07-03,NESTE,28.25,1.0372,53.2496,0,Flat,0,12000
2026-07-06,NESTE,27.88,-1.3097,50.9323,0,Flat,0,12000
2026-07-07,NESTE,27.43,-1.6141,48.1857,0,Flat,0,12000
2026-07-08,NESTE,28.44,3.6821,54.1606,0,Flat,0,12000
2026-07-09,NESTE,29.1,2.3207,57.6012,0,Flat,0,12000
2026-07-10,NESTE,29.68,1.9931,60.4133,0,Flat,0,12000
2026-07-13,NESTE,30.7,3.4367,64.8309,0,Flat,0,12000
2026-07-14,NESTE,31.1,1.3029,66.4137,0,Flat,0,12000
2026-07-15,NESTE,30.96,-0.4502,65.3058,0,Flat,0,12000
2026-07-16,NESTE,31.53,1.8411,67.6704,0,Flat,0,12000
2026-07-17,NESTE,32.27,2.347,70.4831,0,Short,1,12000
2026-07-20,NESTE,33.33,3.2848,73.9757,0,Short,1,12000
2026-07-21,NESTE,33.07,-0.7801,71.7336,0,Short,1,12000
2026-07-22,NESTE,33.18,0.3326,72.1186,1,Short,1,12000
2025-07-22,NDA-FI,12.145,,,0,Flat,0,42000
2025-07-23,NDA-FI,12.445,2.4701,,0,Flat,0,42000
2025-07-24,NDA-FI,12.68,1.8883,,0,Flat,0,42000
2025-07-25,NDA-FI,12.6,-0.6309,,0,Flat,0,42000
2025-07-28,NDA-FI,12.61,0.0794,,0,Flat,0,42000
2025-07-29,NDA-FI,12.685,0.5948,,0,Flat,0,42000
2025-07-30,NDA-FI,12.87,1.4584,,0,Flat,0,42000
2025-07-31,NDA-FI,12.8,-0.5439,,0,Flat,0,42000
2025-08-01,NDA-FI,12.63,-1.3281,,0,Flat,0,42000
2025-08-04,NDA-FI,12.83,1.5835,,0,Flat,0,42000
2025-08-05,NDA-FI,12.765,-0.5066,,0,Flat,0,42000
2025-08-06,NDA-FI,12.855,0.705,,0,Flat,0,42000
2025-08-07,NDA-FI,13.025,1.3224,,0,Flat,0,42000
2025-08-08,NDA-FI,13.155,0.9981,,0,Flat,0,42000
2025-08-11,NDA-FI,13.14,-0.114,77.7159,0,Short,1,42000
2025-08-12,NDA-FI,13.245,0.7991,79.0365,0,Short,1,42000
2025-08-13,NDA-FI,13.355,0.8305,80.3503,0,Short,1,42000
2025-08-14,NDA-FI,13.68,2.4336,83.6171,0,Short,1,42000
2025-08-15,NDA-FI,13.715,0.2558,83.927,0,Short,1,42000
2025-08-18,NDA-FI,13.53,-1.3489,75.7683,0,Short,1,42000
2025-08-19,NDA-FI,13.55,0.1478,76.0395,0,Short,1,42000
2025-08-20,NDA-FI,13.56,0.0738,76.183,0,Short,1,42000
2025-08-21,NDA-FI,13.37,-1.4012,67.8653,0,Flat,0,42000
2025-08-22,NDA-FI,13.495,0.9349,70.1726,0,Short,1,42000
2025-08-25,NDA-FI,13.4,-0.704,66.2777,0,Flat,0,42000
2025-08-26,NDA-FI,13.33,-0.5224,63.4817,0,Flat,0,42000
2025-08-27,NDA-FI,13.2,-0.9752,58.5424,0,Flat,0,42000
2025-08-28,NDA-FI,13.12,-0.6061,55.6717,0,Flat,0,42000
2025-08-29,NDA-FI,13.04,-0.6098,52.8792,0,Flat,0,42000
2025-09-01,NDA-FI,13.36,2.454,61.2516,0,Flat,0,42000
2025-09-02,NDA-FI,13.27,-0.6736,58.1236,0,Flat,0,42000
2025-09-03,NDA-FI,13.205,-0.4898,55.9032,0,Flat,0,42000
2025-09-04,NDA-FI,13.37,1.2495,60.0729,0,Flat,0,42000
2025-09-05,NDA-FI,13.34,-0.2244,58.9809,0,Flat,0,42000
2025-09-08,NDA-FI,13.53,1.4243,63.5057,0,Flat,0,42000
2025-09-09,NDA-FI,13.57,0.2956,64.3961,0,Flat,0,42000
2025-09-10,NDA-FI,13.68,0.8106,66.7955,0,Flat,0,42000
2025-09-11,NDA-FI,13.63,-0.3655,64.6624,0,Flat,0,42000
2025-09-12,NDA-FI,13.695,0.4769,66.1747,0,Flat,0,42000
2025-09-15,NDA-FI,13.84,1.0588,69.328,0,Flat,0,42000
2025-09-16,NDA-FI,13.72,-0.8671,64.0097,0,Flat,0,42000
2025-09-17,NDA-FI,13.74,0.1458,64.4985,0,Flat,0,42000
2025-09-18,NDA-FI,13.65,-0.655,60.5154,0,Flat,0,42000
2025-09-19,NDA-FI,13.86,1.5385,65.8195,0,Flat,0,42000
2025-09-22,NDA-FI,13.745,-0.8297,60.9879,0,Flat,0,42000
2025-09-23,NDA-FI,13.9,1.1277,64.7444,0,Flat,0,42000
2025-09-24,NDA-FI,14,0.7194,66.9552,0,Flat,0,42000
2025-09-25,NDA-FI,13.845,-1.1071,60.6109,0,Flat,0,42000
2025-09-26,NDA-FI,14.2,2.5641,68.0727,0,Flat,0,42000
2025-09-29,NDA-FI,14.25,0.3521,68.9644,0,Flat,0,42000
2025-09-30,NDA-FI,13.975,-1.9298,59.1747,0,Flat,0,42000
2025-10-01,NDA-FI,13.96,-0.1073,58.6853,0,Flat,0,42000
2025-10-02,NDA-FI,13.86,-0.7163,55.3964,0,Flat,0,42000
2025-10-03,NDA-FI,13.945,0.6133,57.5729,0,Flat,0,42000
2025-10-06,NDA-FI,13.95,0.0359,57.7037,0,Flat,0,42000
2025-10-07,NDA-FI,13.89,-0.4301,55.4936,0,Flat,0,42000
2025-10-08,NDA-FI,13.875,-0.108,54.9272,0,Flat,0,42000
2025-10-09,NDA-FI,13.89,0.1081,55.4173,0,Flat,0,42000
2025-10-10,NDA-FI,13.95,0.432,57.4118,0,Flat,0,42000
2025-10-13,NDA-FI,13.955,0.0358,57.5821,0,Flat,0,42000
2025-10-14,NDA-FI,14.015,0.43,59.6665,0,Flat,0,42000
2025-10-15,NDA-FI,14.135,0.8562,63.5267,0,Flat,0,42000
2025-10-16,NDA-FI,14.63,3.5019,74.4077,0,Short,1,42000
2025-10-17,NDA-FI,14.395,-1.6063,64.5606,0,Flat,0,42000
2025-10-20,NDA-FI,14.58,1.2852,68.1357,0,Flat,0,42000
2025-10-21,NDA-FI,14.66,0.5487,69.5654,0,Flat,0,42000
2025-10-22,NDA-FI,14.695,0.2387,70.1955,0,Short,1,42000
2025-10-23,NDA-FI,14.675,-0.1361,69.3125,0,Flat,0,42000
2025-10-24,NDA-FI,14.555,-0.8177,64.1018,0,Flat,0,42000
2025-10-27,NDA-FI,14.7,0.9962,67.3006,0,Flat,0,42000
2025-10-28,NDA-FI,14.695,-0.034,67.0787,0,Flat,0,42000
2025-10-29,NDA-FI,14.81,0.7826,69.565,0,Flat,0,42000
2025-10-30,NDA-FI,14.97,1.0804,72.6589,0,Short,1,42000
2025-10-31,NDA-FI,14.815,-1.0354,65.692,0,Flat,0,42000
2025-11-03,NDA-FI,14.87,0.3712,66.9046,0,Flat,0,42000
2025-11-04,NDA-FI,14.74,-0.8742,61.382,0,Flat,0,42000
2025-11-05,NDA-FI,14.27,-3.1886,46.4528,0,Flat,0,42000
2025-11-06,NDA-FI,14.505,1.6468,52.6534,0,Flat,0,42000
2025-11-07,NDA-FI,14.41,-0.6549,50.1264,0,Flat,0,42000
2025-11-10,NDA-FI,14.63,1.5267,55.4578,0,Flat,0,42000
2025-11-11,NDA-FI,14.91,1.9139,61.15,0,Flat,0,42000
2025-11-12,NDA-FI,15.12,1.4085,64.7848,0,Flat,0,42000
2025-11-13,NDA-FI,15.145,0.1653,65.2022,0,Flat,0,42000
2025-11-14,NDA-FI,14.865,-1.8488,57.0467,0,Flat,0,42000
2025-11-17,NDA-FI,14.705,-1.0764,52.9695,0,Flat,0,42000
2025-11-18,NDA-FI,14.45,-1.7341,47.1817,0,Flat,0,42000
2025-11-19,NDA-FI,14.42,-0.2076,46.5374,0,Flat,0,42000
2025-11-20,NDA-FI,14.67,1.7337,52.3737,0,Flat,0,42000
2025-11-21,NDA-FI,14.69,0.1363,52.8174,0,Flat,0,42000
2025-11-24,NDA-FI,14.895,1.3955,57.2175,0,Flat,0,42000
2025-11-25,NDA-FI,15.04,0.9735,60.0551,0,Flat,0,42000
2025-11-26,NDA-FI,15.235,1.2965,63.5558,0,Flat,0,42000
2025-11-27,NDA-FI,15.285,0.3282,64.4169,0,Flat,0,42000
2025-11-28,NDA-FI,15.24,-0.2944,62.9747,0,Flat,0,42000
2025-12-01,NDA-FI,15.37,0.853,65.3857,0,Flat,0,42000
2025-12-02,NDA-FI,15.5,0.8458,67.654,0,Flat,0,42000
2025-12-03,NDA-FI,15.5,0,67.654,0,Flat,0,42000
2025-12-04,NDA-FI,15.41,-0.5806,64.2723,0,Flat,0,42000
2025-12-05,NDA-FI,15.41,0,64.2723,0,Flat,0,42000
2025-12-08,NDA-FI,15.465,0.3569,65.4947,0,Flat,0,42000
2025-12-09,NDA-FI,15.485,0.1293,65.9509,0,Flat,0,42000
2025-12-10,NDA-FI,15.56,0.4843,67.6768,0,Flat,0,42000
2025-12-11,NDA-FI,15.69,0.8355,70.4708,0,Short,1,42000
2025-12-12,NDA-FI,15.425,-1.689,59.2312,0,Flat,0,42000
2025-12-15,NDA-FI,15.42,-0.0324,59.0399,0,Flat,0,42000
2025-12-16,NDA-FI,15.49,0.454,60.9421,0,Flat,0,42000
2025-12-17,NDA-FI,15.5,0.0646,61.2192,0,Flat,0,42000
2025-12-18,NDA-FI,15.675,1.129,65.7927,0,Flat,0,42000
2025-12-19,NDA-FI,15.825,0.9569,69.1509,0,Flat,0,42000
2025-12-22,NDA-FI,15.84,0.0948,69.4736,0,Flat,0,42000
2025-12-23,NDA-FI,15.97,0.8207,72.1891,0,Short,1,42000
2025-12-29,NDA-FI,15.9,-0.4383,68.6479,0,Flat,0,42000
2025-12-30,NDA-FI,16.085,1.1635,72.4889,0,Short,1,42000
2026-01-02,NDA-FI,16.365,1.7408,77.0681,0,Short,1,42000
2026-01-05,NDA-FI,16.44,0.4583,78.1187,0,Short,1,42000
2026-01-07,NDA-FI,16.205,-1.4294,67.659,0,Flat,0,42000
2026-01-08,NDA-FI,16.27,0.4011,68.8994,0,Flat,0,42000
2026-01-09,NDA-FI,16.34,0.4302,70.2239,0,Short,1,42000
2026-01-12,NDA-FI,16.355,0.0918,70.5137,0,Short,1,42000
2026-01-13,NDA-FI,16.52,1.0089,73.5617,0,Short,1,42000
2026-01-14,NDA-FI,16.66,0.8475,75.8434,0,Short,1,42000
2026-01-15,NDA-FI,16.87,1.2605,78.7991,0,Short,1,42000
2026-01-16,NDA-FI,16.805,-0.3853,75.7112,0,Short,1,42000
2026-01-19,NDA-FI,16.46,-2.053,61.856,0,Flat,0,42000
2026-01-20,NDA-FI,16.415,-0.2734,60.3058,0,Flat,0,42000
2026-01-21,NDA-FI,16.505,0.5483,62.3387,0,Flat,0,42000
2026-01-22,NDA-FI,16.945,2.6659,70.3371,0,Short,1,42000
2026-01-23,NDA-FI,16.63,-1.859,60.4407,0,Flat,0,42000
2026-01-26,NDA-FI,16.805,1.0523,63.5122,0,Flat,0,42000
2026-01-27,NDA-FI,17.02,1.2794,66.9113,0,Flat,0,42000
2026-01-28,NDA-FI,16.745,-1.6157,59.3017,0,Flat,0,42000
2026-01-29,NDA-FI,16.24,-3.0158,48.413,0,Flat,0,42000
2026-01-30,NDA-FI,16.315,0.4618,49.8848,0,Flat,0,42000
2026-02-02,NDA-FI,16.78,2.8501,57.9036,0,Flat,0,42000
2026-02-03,NDA-FI,16.905,0.7449,59.7673,0,Flat,0,42000
2026-02-04,NDA-FI,16.835,-0.4141,58.213,0,Flat,0,42000
2026-02-05,NDA-FI,16.515,-1.9008,51.6063,0,Flat,0,42000
2026-02-06,NDA-FI,16.725,1.2716,55.1997,0,Flat,0,42000
2026-02-09,NDA-FI,16.84,0.6876,57.0792,0,Flat,0,42000
2026-02-10,NDA-FI,16.795,-0.2672,56.0876,0,Flat,0,42000
2026-02-11,NDA-FI,16.735,-0.3572,54.7226,0,Flat,0,42000
2026-02-12,NDA-FI,16.425,-1.8524,48.196,0,Flat,0,42000
2026-02-13,NDA-FI,16.185,-1.4612,43.837,0,Flat,0,42000
2026-02-16,NDA-FI,16.495,1.9154,50.1133,0,Flat,0,42000
2026-02-17,NDA-FI,16.535,0.2425,50.8761,0,Flat,0,42000
2026-02-18,NDA-FI,16.75,1.3003,54.8706,0,Flat,0,42000
2026-02-19,NDA-FI,16.54,-1.2537,50.5471,0,Flat,0,42000
2026-02-20,NDA-FI,16.775,1.4208,54.8358,0,Flat,0,42000
2026-02-23,NDA-FI,16.75,-0.149,54.2963,0,Flat,0,42000
2026-02-24,NDA-FI,16.65,-0.597,52.0889,0,Flat,0,42000
2026-02-25,NDA-FI,16.705,0.3303,53.2155,0,Flat,0,42000
2026-02-26,NDA-FI,16.625,-0.4789,51.325,0,Flat,0,42000
2026-02-27,NDA-FI,16.45,-1.0526,47.3615,0,Flat,0,42000
2026-03-02,NDA-FI,16.08,-2.2492,40.279,0,Flat,0,42000
2026-03-03,NDA-FI,15.57,-3.1716,32.9621,0,Flat,0,42000
2026-03-04,NDA-FI,16.025,2.9223,42.9237,0,Flat,0,42000
2026-03-05,NDA-FI,15.82,-1.2793,40.037,0,Flat,0,42000
2026-03-06,NDA-FI,15.605,-1.359,37.2106,0,Flat,0,42000
2026-03-09,NDA-FI,15.585,-0.1282,36.9493,0,Flat,0,42000
2026-03-10,NDA-FI,15.975,2.5024,45.0525,0,Flat,0,42000
2026-03-11,NDA-FI,15.945,-0.1878,44.5779,0,Flat,0,42000
2026-03-12,NDA-FI,15.745,-1.2543,41.4435,0,Flat,0,42000
2026-03-13,NDA-FI,15.645,-0.6351,39.9316,0,Flat,0,42000
2026-03-16,NDA-FI,15.815,1.0866,43.6922,0,Flat,0,42000
2026-03-17,NDA-FI,15.895,0.5059,45.4238,0,Flat,0,42000
2026-03-18,NDA-FI,15.96,0.4089,46.8539,0,Flat,0,42000
2026-03-19,NDA-FI,15.62,-2.1303,40.8275,0,Flat,0,42000
2026-03-20,NDA-FI,15.325,-1.8886,36.4473,0,Flat,0,42000
2026-03-23,NDA-FI,15.49,1.0767,40.305,0,Flat,0,42000
2026-03-24,NDA-FI,15.065,-2.7437,34.4965,0,Flat,0,42000
2026-03-25,NDA-FI,14.45,-4.0823,28.1701,0,Long,1,42000
2026-03-26,NDA-FI,14.29,-1.1073,26.7934,0,Long,1,42000
2026-03-27,NDA-FI,14.29,0,26.7934,0,Long,1,42000
2026-03-30,NDA-FI,14.54,1.7495,32.7492,0,Flat,0,42000
2026-03-31,NDA-FI,14.675,0.9285,35.7872,0,Flat,0,42000
2026-04-01,NDA-FI,15.175,3.4072,45.5908,0,Flat,0,42000
2026-04-02,NDA-FI,15.145,-0.1977,45.1455,0,Flat,0,42000
2026-04-07,NDA-FI,14.97,-1.1555,42.5352,0,Flat,0,42000
2026-04-08,NDA-FI,15.725,5.0434,54.7035,0,Flat,0,42000
2026-04-09,NDA-FI,15.48,-1.558,50.9344,0,Flat,0,42000
2026-04-10,NDA-FI,15.79,2.0026,55.1456,0,Flat,0,42000
2026-04-13,NDA-FI,15.89,0.6333,56.4443,0,Flat,0,42000
2026-04-14,NDA-FI,16.21,2.0138,60.3959,0,Flat,0,42000
2026-04-15,NDA-FI,16.15,-0.3701,59.3094,0,Flat,0,42000
2026-04-16,NDA-FI,15.89,-1.6099,54.7158,0,Flat,0,42000
2026-04-17,NDA-FI,16.015,0.7867,56.4617,0,Flat,0,42000
2026-04-20,NDA-FI,15.875,-0.8742,53.9528,0,Flat,0,42000
2026-04-21,NDA-FI,15.9,0.1575,54.343,0,Flat,0,42000
2026-04-22,NDA-FI,15.96,0.3774,55.3214,0,Flat,0,42000
2026-04-23,NDA-FI,15.815,-0.9085,52.3989,0,Flat,0,42000
2026-04-24,NDA-FI,15.68,-0.8536,49.7631,0,Flat,0,42000
2026-04-27,NDA-FI,15.8,0.7653,52.0711,0,Flat,0,42000
2026-04-28,NDA-FI,15.845,0.2848,52.9441,0,Flat,0,42000
2026-04-29,NDA-FI,15.865,0.1262,53.3508,0,Flat,0,42000
2026-04-30,NDA-FI,15.99,0.7879,55.9154,0,Flat,0,42000
2026-05-04,NDA-FI,15.66,-2.0638,48.3571,0,Flat,0,42000
2026-05-05,NDA-FI,15.73,0.447,49.904,0,Flat,0,42000
2026-05-06,NDA-FI,15.9,1.0807,53.5434,0,Flat,0,42000
2026-05-07,NDA-FI,15.65,-1.5723,48.0187,0,Flat,0,42000
2026-05-08,NDA-FI,15.57,-0.5112,46.3698,0,Flat,0,42000
2026-05-11,NDA-FI,15.58,0.0642,46.6166,0,Flat,0,42000
2026-05-12,NDA-FI,15.465,-0.7381,44.1034,0,Flat,0,42000
2026-05-13,NDA-FI,15.445,-0.1293,43.6626,0,Flat,0,42000
2026-05-15,NDA-FI,15.42,-0.1619,43.0828,0,Flat,0,42000
2026-05-18,NDA-FI,15.735,2.0428,51.7719,0,Flat,0,42000
2026-05-19,NDA-FI,15.85,0.7309,54.5027,0,Flat,0,42000
2026-05-20,NDA-FI,16.165,1.9874,61.0144,0,Flat,0,42000
2026-05-21,NDA-FI,16.21,0.2784,61.8543,0,Flat,0,42000
2026-05-22,NDA-FI,16.39,1.1104,65.0938,0,Flat,0,42000
2026-05-25,NDA-FI,16.77,2.3185,70.7427,0,Short,1,42000
2026-05-26,NDA-FI,16.525,-1.4609,63.5967,0,Flat,0,42000
2026-05-27,NDA-FI,16.53,0.0303,63.6773,0,Flat,0,42000
2026-05-28,NDA-FI,16.4,-0.7865,59.9584,0,Flat,0,42000
2026-05-29,NDA-FI,16.555,0.9451,62.7517,0,Flat,0,42000
2026-06-01,NDA-FI,16.23,-1.9632,54.2122,0,Flat,0,42000
2026-06-02,NDA-FI,16.21,-0.1232,53.7276,0,Flat,0,42000
2026-06-03,NDA-FI,16.065,-0.8945,50.2228,0,Flat,0,42000
2026-06-04,NDA-FI,16.165,0.6225,52.5231,0,Flat,0,42000
2026-06-05,NDA-FI,16.135,-0.1856,51.7504,0,Flat,0,42000
2026-06-08,NDA-FI,16.08,-0.3409,50.2899,0,Flat,0,42000
2026-06-09,NDA-FI,16.005,-0.4664,48.2885,0,Flat,0,42000
2026-06-10,NDA-FI,15.84,-1.0309,44.1279,0,Flat,0,42000
2026-06-11,NDA-FI,15.885,0.2841,45.5069,0,Flat,0,42000
2026-06-12,NDA-FI,16.35,2.9273,57.2491,0,Flat,0,42000
2026-06-15,NDA-FI,16.525,1.0703,60.6828,0,Flat,0,42000
2026-06-16,NDA-FI,16.475,-0.3026,59.2193,0,Flat,0,42000
2026-06-17,NDA-FI,16.61,0.8194,61.8917,0,Flat,0,42000
2026-06-18,NDA-FI,16.42,-1.1439,56.2998,0,Flat,0,42000
2026-06-22,NDA-FI,16.815,2.4056,63.6522,0,Flat,0,42000
2026-06-23,NDA-FI,16.435,-2.2599,54.204,0,Flat,0,42000
2026-06-24,NDA-FI,16.22,-1.3082,49.7083,0,Flat,0,42000
2026-06-25,NDA-FI,16.215,-0.0308,49.6052,0,Flat,0,42000
2026-06-26,NDA-FI,16.305,0.555,51.552,0,Flat,0,42000
2026-06-29,NDA-FI,16.39,0.5213,53.3836,0,Flat,0,42000
2026-06-30,NDA-FI,16.6,1.2813,57.6441,0,Flat,0,42000
2026-07-01,NDA-FI,16.495,-0.6325,54.9404,0,Flat,0,42000
2026-07-02,NDA-FI,16.865,2.2431,61.7489,0,Flat,0,42000
2026-07-03,NDA-FI,16.995,0.7708,63.8175,0,Flat,0,42000
2026-07-06,NDA-FI,17.055,0.353,64.7647,0,Flat,0,42000
2026-07-07,NDA-FI,17.095,0.2345,65.4146,0,Flat,0,42000
2026-07-08,NDA-FI,16.65,-2.6031,53.5743,0,Flat,0,42000
2026-07-09,NDA-FI,16.84,1.1411,57.1413,0,Flat,0,42000
2026-07-10,NDA-FI,16.815,-0.1485,56.5259,0,Flat,0,42000
2026-07-13,NDA-FI,16.78,-0.2081,55.6227,0,Flat,0,42000
2026-07-14,NDA-FI,16.955,1.0429,59.1383,0,Flat,0,42000
2026-07-15,NDA-FI,16.89,-0.3834,57.3219,0,Flat,0,42000
2026-07-16,NDA-FI,17.02,0.7697,59.9701,0,Flat,0,42000
2026-07-17,NDA-FI,17.04,0.1175,60.3775,0,Flat,0,42000
2026-07-20,NDA-FI,17.105,0.3814,61.7401,0,Flat,0,42000
2026-07-21,NDA-FI,17.255,0.8769,64.7527,0,Flat,0,42000
2026-07-22,NDA-FI,17.47,1.246,68.5724,1,Flat,0,42000
2026-07-22,UPM,24.1,2.6843,58.0445,1,Flat,0,14000
2026-07-22,STERV,10.025,3.0954,63.484,1,Flat,0,8000
2026-07-22,FORTUM,20.78,2.7187,58.4637,1,Flat,0,15000
2026-07-22,ORNBV,77.35,1.0451,65.9687,1,Flat,0,7000
2026-07-22,WRT1V,30.73,2.4675,44.6847,1,Flat,0,11000
2026-07-22,ELISA,34.3,0.4687,31.9932,1,Flat,0,7000
2026-07-22,KALMAR,40,4.3841,57.3426,1,Flat,0,2500
2026-07-22,HIAB,59.2,11.1737,65.676,1,Flat,0,2500
2025-07-22,VOLV-B,268.3,,,0,Flat,0,55000
2025-07-23,VOLV-B,286.6,6.8207,,0,Flat,0,55000
2025-07-24,VOLV-B,286.7,0.0349,,0,Flat,0,55000
2025-07-25,VOLV-B,287.5,0.279,,0,Flat,0,55000
2025-07-28,VOLV-B,284.2,-1.1478,,0,Flat,0,55000
2025-07-29,VOLV-B,280.9,-1.1612,,0,Flat,0,55000
2025-07-30,VOLV-B,283.6,0.9612,,0,Flat,0,55000
2025-07-31,VOLV-B,281.2,-0.8463,,0,Flat,0,55000
2025-08-01,VOLV-B,273.3,-2.8094,,0,Flat,0,55000
2025-08-04,VOLV-B,271.6,-0.622,,0,Flat,0,55000
2025-08-05,VOLV-B,272.9,0.4786,,0,Flat,0,55000
2025-08-06,VOLV-B,277.4,1.649,,0,Flat,0,55000
2025-08-07,VOLV-B,285.1,2.7758,,0,Flat,0,55000
2025-08-08,VOLV-B,288.9,1.3329,,0,Flat,0,55000
2025-08-11,VOLV-B,287.9,-0.3461,66.6667,0,Flat,0,55000
2025-08-12,VOLV-B,290.2,0.7989,68.0141,0,Flat,0,55000
2025-08-13,VOLV-B,290.1,-0.0345,67.8856,0,Flat,0,55000
2025-08-14,VOLV-B,292.1,0.6894,69.1412,0,Flat,0,55000
2025-08-15,VOLV-B,293.6,0.5135,70.0858,0,Short,1,55000
2025-08-18,VOLV-B,288.8,-1.6349,63.3978,0,Flat,0,55000
2025-08-19,VOLV-B,297.1,2.874,68.9206,0,Flat,0,55000
2025-08-20,VOLV-B,296.5,-0.202,68.1204,0,Flat,0,55000
2025-08-21,VOLV-B,293.6,-0.9781,64.2383,0,Flat,0,55000
2025-08-22,VOLV-B,300,2.1798,68.5042,0,Flat,0,55000
2025-08-25,VOLV-B,296.1,-1.3,63.5309,0,Flat,0,55000
2025-08-26,VOLV-B,294.5,-0.5404,61.5565,0,Flat,0,55000
2025-08-27,VOLV-B,291.7,-0.9508,58.1506,0,Flat,0,55000
2025-08-28,VOLV-B,292.3,0.2057,58.6782,0,Flat,0,55000
2025-08-29,VOLV-B,290.9,-0.479,56.8763,0,Flat,0,55000
2025-09-01,VOLV-B,288.5,-0.825,53.825,0,Flat,0,55000
2025-09-02,VOLV-B,278.9,-3.3276,43.7209,0,Flat,0,55000
2025-09-03,VOLV-B,276.9,-0.7171,41.9539,0,Flat,0,55000
2025-09-04,VOLV-B,277.1,0.0722,42.2055,0,Flat,0,55000
2025-09-05,VOLV-B,276.9,-0.0722,42.0094,0,Flat,0,55000
2025-09-08,VOLV-B,274.1,-1.0112,39.2599,0,Flat,0,55000
2025-09-09,VOLV-B,274.1,0,39.2599,0,Flat,0,55000
2025-09-10,VOLV-B,272.7,-0.5108,37.8243,0,Flat,0,55000
2025-09-11,VOLV-B,274.7,0.7334,41.1357,0,Flat,0,55000
2025-09-12,VOLV-B,273.6,-0.4004,39.8777,0,Flat,0,55000
2025-09-15,VOLV-B,272.8,-0.2924,38.9449,0,Flat,0,55000
2025-09-16,VOLV-B,274.5,0.6232,42.0472,0,Flat,0,55000
2025-09-17,VOLV-B,275,0.1821,42.9651,0,Flat,0,55000
2025-09-18,VOLV-B,276.2,0.4364,45.2081,0,Flat,0,55000
2025-09-19,VOLV-B,275.4,-0.2897,43.9667,0,Flat,0,55000
2025-09-22,VOLV-B,272.8,-0.9441,40.1116,0,Flat,0,55000
2025-09-23,VOLV-B,278,1.9062,49.6251,0,Flat,0,55000
2025-09-24,VOLV-B,272.5,-1.9784,42.0216,0,Flat,0,55000
2025-09-25,VOLV-B,267,-2.0183,36.0699,0,Flat,0,55000
2025-09-26,VOLV-B,276,3.3708,48.8393,0,Flat,0,55000
2025-09-29,VOLV-B,269.9,-2.2101,42.6249,0,Flat,0,55000
2025-09-30,VOLV-B,269.5,-0.1482,42.2453,0,Flat,0,55000
2025-10-01,VOLV-B,270,0.1855,42.9295,0,Flat,0,55000
2025-10-02,VOLV-B,274.3,1.5926,48.5718,0,Flat,0,55000
2025-10-03,VOLV-B,275.8,0.5468,50.4136,0,Flat,0,55000
2025-10-06,VOLV-B,275.7,-0.0362,50.2843,0,Flat,0,55000
2025-10-07,VOLV-B,269.6,-2.2126,43.0344,0,Flat,0,55000
2025-10-08,VOLV-B,269.5,-0.0371,42.9252,0,Flat,0,55000
2025-10-09,VOLV-B,268,-0.5566,41.234,0,Flat,0,55000
2025-10-10,VOLV-B,267,-0.3731,40.0998,0,Flat,0,55000
2025-10-13,VOLV-B,265.7,-0.4869,38.6128,0,Flat,0,55000
2025-10-14,VOLV-B,264.2,-0.5645,36.912,0,Flat,0,55000
2025-10-15,VOLV-B,265.2,0.3785,38.8459,0,Flat,0,55000
2025-10-16,VOLV-B,268.2,1.1312,44.3568,0,Flat,0,55000
2025-10-17,VOLV-B,247.4,-7.7554,26.5156,0,Long,1,55000
2025-10-20,VOLV-B,255.9,3.4357,37.567,0,Flat,0,55000
2025-10-21,VOLV-B,258.4,0.9769,40.4058,0,Flat,0,55000
2025-10-22,VOLV-B,256.4,-0.774,38.8826,0,Flat,0,55000
2025-10-23,VOLV-B,258,0.624,40.8051,0,Flat,0,55000
2025-10-24,VOLV-B,260.5,0.969,43.7808,0,Flat,0,55000
2025-10-27,VOLV-B,261.1,0.2303,44.5019,0,Flat,0,55000
2025-10-28,VOLV-B,260.7,-0.1532,44.0959,0,Flat,0,55000
2025-10-29,VOLV-B,262.3,0.6137,46.2101,0,Flat,0,55000
2025-10-30,VOLV-B,261.4,-0.3431,45.1751,0,Flat,0,55000
2025-10-31,VOLV-B,262,0.2295,46.0427,0,Flat,0,55000
2025-11-03,VOLV-B,258.2,-1.4504,41.5573,0,Flat,0,55000
2025-11-04,VOLV-B,257.7,-0.1936,40.9914,0,Flat,0,55000
2025-11-05,VOLV-B,263.5,2.2507,49.5697,0,Flat,0,55000
2025-11-06,VOLV-B,261.2,-0.8729,46.6722,0,Flat,0,55000
2025-11-07,VOLV-B,261.1,-0.0383,46.5448,0,Flat,0,55000
2025-11-10,VOLV-B,264.1,1.149,50.8766,0,Flat,0,55000
2025-11-11,VOLV-B,267.8,1.401,55.6501,0,Flat,0,55000
2025-11-12,VOLV-B,268.4,0.2241,56.3902,0,Flat,0,55000
2025-11-13,VOLV-B,267.7,-0.2608,55.2323,0,Flat,0,55000
2025-11-14,VOLV-B,266.5,-0.4483,53.2148,0,Flat,0,55000
2025-11-17,VOLV-B,263.9,-0.9756,49.0356,0,Flat,0,55000
2025-11-18,VOLV-B,261,-1.0989,44.8086,0,Flat,0,55000
2025-11-19,VOLV-B,267.8,2.6054,54.6749,0,Flat,0,55000
2025-11-20,VOLV-B,266.1,-0.6348,52.1643,0,Flat,0,55000
2025-11-21,VOLV-B,269.4,1.2401,56.354,0,Flat,0,55000
2025-11-24,VOLV-B,274.1,1.7446,61.523,0,Flat,0,55000
2025-11-25,VOLV-B,281.7,2.7727,68.1016,0,Flat,0,55000
2025-11-26,VOLV-B,283,0.4615,69.0756,0,Flat,0,55000
2025-11-27,VOLV-B,284.5,0.53,70.206,0,Short,1,55000
2025-11-28,VOLV-B,282.8,-0.5975,67.2075,0,Flat,0,55000
2025-12-01,VOLV-B,282.9,0.0354,67.296,0,Flat,0,55000
2025-12-02,VOLV-B,282.6,-0.106,66.7144,0,Flat,0,55000
2025-12-03,VOLV-B,279.6,-1.0616,61.034,0,Flat,0,55000
2025-12-04,VOLV-B,288.5,3.1831,69.367,0,Flat,0,55000
2025-12-05,VOLV-B,296.6,2.8076,74.6752,0,Short,1,55000
2025-12-08,VOLV-B,296.2,-0.1349,73.9933,0,Short,1,55000
2025-12-09,VOLV-B,290,-2.0932,64.2068,0,Flat,0,55000
2025-12-10,VOLV-B,290,0,64.2068,0,Flat,0,55000
2025-12-11,VOLV-B,296,2.069,68.8333,0,Flat,0,55000
2025-12-12,VOLV-B,296.4,0.1351,69.1199,0,Flat,0,55000
2025-12-15,VOLV-B,295.2,-0.4049,67.1259,0,Flat,0,55000
2025-12-16,VOLV-B,292,-1.084,61.9901,0,Flat,0,55000
2025-12-17,VOLV-B,290.8,-0.411,60.1321,0,Flat,0,55000
2025-12-18,VOLV-B,294.4,1.238,63.6518,0,Flat,0,55000
2025-12-19,VOLV-B,294.2,-0.0679,63.3174,0,Flat,0,55000
2025-12-22,VOLV-B,292.8,-0.4759,60.905,0,Flat,0,55000
2025-12-23,VOLV-B,291.9,-0.3074,59.3399,0,Flat,0,55000
2025-12-29,VOLV-B,293.8,0.6509,61.5843,0,Flat,0,55000
2025-12-30,VOLV-B,295.9,0.7148,63.9528,0,Flat,0,55000
2026-01-02,VOLV-B,297.8,0.6421,65.9955,0,Flat,0,55000
2026-01-05,VOLV-B,298.7,0.3022,66.9509,0,Flat,0,55000
2026-01-07,VOLV-B,305,2.1091,72.7272,0,Short,1,55000
2026-01-08,VOLV-B,306.7,0.5574,74.0455,0,Short,1,55000
2026-01-09,VOLV-B,309.3,0.8477,75.9594,0,Short,1,55000
2026-01-12,VOLV-B,310.2,0.291,76.6026,0,Short,1,55000
2026-01-13,VOLV-B,307.4,-0.9026,70.301,0,Short,1,55000
2026-01-14,VOLV-B,308,0.1952,70.8543,0,Short,1,55000
2026-01-15,VOLV-B,315.5,2.4351,76.6981,0,Short,1,55000
2026-01-16,VOLV-B,312.4,-0.9826,70.4137,0,Short,1,55000
2026-01-19,VOLV-B,306.5,-1.8886,60.2887,0,Flat,0,55000
2026-01-20,VOLV-B,304.9,-0.522,57.859,0,Flat,0,55000
2026-01-21,VOLV-B,311.5,2.1646,64.258,0,Flat,0,55000
2026-01-22,VOLV-B,315.8,1.3804,67.6993,0,Flat,0,55000
2026-01-23,VOLV-B,315.1,-0.2217,66.5756,0,Flat,0,55000
2026-01-26,VOLV-B,315.6,0.1587,66.997,0,Flat,0,55000
2026-01-27,VOLV-B,315.4,-0.0634,66.6351,0,Flat,0,55000
2026-01-28,VOLV-B,323.7,2.6316,73.1235,0,Short,1,55000
2026-01-29,VOLV-B,323,-0.2163,71.8543,0,Short,1,55000
2026-01-30,VOLV-B,324,0.3096,72.5863,0,Short,1,55000
2026-02-02,VOLV-B,330.4,1.9753,76.7532,0,Short,1,55000
2026-02-03,VOLV-B,340.5,3.0569,81.5257,0,Short,1,55000
2026-02-04,VOLV-B,349.3,2.5844,84.5096,0,Short,1,55000
2026-02-05,VOLV-B,346.3,-0.8589,79.7789,0,Short,1,55000
2026-02-06,VOLV-B,345.7,-0.1733,78.8285,0,Short,1,55000
2026-02-09,VOLV-B,342.9,-0.81,74.3754,0,Short,1,55000
2026-02-10,VOLV-B,343.4,0.1458,74.6508,0,Short,1,55000
2026-02-11,VOLV-B,348.4,1.456,77.2802,0,Short,1,55000
2026-02-12,VOLV-B,348.2,-0.0574,76.9365,0,Short,1,55000
2026-02-13,VOLV-B,343.7,-1.2924,69.4505,0,Flat,0,55000
2026-02-16,VOLV-B,343.2,-0.1455,68.6512,0,Flat,0,55000
2026-02-17,VOLV-B,341,-0.641,65.1009,0,Flat,0,55000
2026-02-18,VOLV-B,345.7,1.3783,68.8117,0,Flat,0,55000
2026-02-19,VOLV-B,347.2,0.4339,69.9112,0,Flat,0,55000
2026-02-20,VOLV-B,351.1,1.1233,72.6147,0,Short,1,55000
2026-02-23,VOLV-B,350.1,-0.2848,70.8567,0,Short,1,55000
2026-02-24,VOLV-B,353.2,0.8855,73.036,0,Short,1,55000
2026-02-25,VOLV-B,349.8,-0.9626,67.1086,0,Flat,0,55000
2026-02-26,VOLV-B,350.4,0.1715,67.6082,0,Flat,0,55000
2026-02-27,VOLV-B,351.8,0.3995,68.7991,0,Flat,0,55000
2026-03-02,VOLV-B,344.5,-2.075,57.0263,0,Flat,0,55000
2026-03-03,VOLV-B,333,-3.3382,44.1959,0,Flat,0,55000
2026-03-04,VOLV-B,340,2.1021,51.3684,0,Flat,0,55000
2026-03-05,VOLV-B,335.5,-1.3235,47.171,0,Flat,0,55000
2026-03-06,VOLV-B,329.2,-1.8778,41.9972,0,Flat,0,55000
2026-03-09,VOLV-B,321.2,-2.4301,36.5195,0,Flat,0,55000
2026-03-10,VOLV-B,333.7,3.8917,47.9443,0,Flat,0,55000
2026-03-11,VOLV-B,331.7,-0.5993,46.5022,0,Flat,0,55000
2026-03-12,VOLV-B,334.1,0.7235,48.5039,0,Flat,0,55000
2026-03-13,VOLV-B,324,-3.023,41.4715,0,Flat,0,55000
2026-03-16,VOLV-B,320.3,-1.142,39.2277,0,Flat,0,55000
2026-03-17,VOLV-B,319.6,-0.2185,38.8,0,Flat,0,55000
2026-03-18,VOLV-B,312.4,-2.2528,34.619,0,Flat,0,55000
2026-03-19,VOLV-B,294.8,-5.6338,26.9687,0,Long,1,55000
2026-03-20,VOLV-B,288.1,-2.2727,24.7284,0,Long,1,55000
2026-03-23,VOLV-B,297.3,3.1933,32.9633,0,Flat,0,55000
2026-03-24,VOLV-B,299.8,0.8409,35.0429,0,Flat,0,55000
2026-03-25,VOLV-B,303.8,1.3342,38.3389,0,Flat,0,55000
2026-03-26,VOLV-B,300.4,-1.1192,36.6372,0,Flat,0,55000
2026-03-27,VOLV-B,300.1,-0.0999,36.4833,0,Flat,0,55000
2026-03-30,VOLV-B,300.2,0.0333,36.579,0,Flat,0,55000
2026-03-31,VOLV-B,305.5,1.7655,41.5972,0,Flat,0,55000
2026-04-01,VOLV-B,314.7,3.0115,49.1228,0,Flat,0,55000
2026-04-02,VOLV-B,308.6,-1.9384,44.9839,0,Flat,0,55000
2026-04-07,VOLV-B,308.8,0.0648,45.147,0,Flat,0,55000
2026-04-08,VOLV-B,332.6,7.7073,60.2553,0,Flat,0,55000
2026-04-09,VOLV-B,322.4,-3.0668,53.4594,0,Flat,0,55000
2026-04-10,VOLV-B,326.3,1.2097,55.5248,0,Flat,0,55000
2026-04-13,VOLV-B,320.6,-1.7469,51.8996,0,Flat,0,55000
2026-04-14,VOLV-B,322.8,0.6862,53.1704,0,Flat,0,55000
2026-04-15,VOLV-B,318.6,-1.3011,50.431,0,Flat,0,55000
2026-04-16,VOLV-B,316.1,-0.7847,48.8186,0,Flat,0,55000
2026-04-17,VOLV-B,328.3,3.8595,56.1811,0,Flat,0,55000
2026-04-20,VOLV-B,322.8,-1.6753,52.5136,0,Flat,0,55000
2026-04-21,VOLV-B,320.1,-0.8364,50.7617,0,Flat,0,55000
2026-04-22,VOLV-B,317.9,-0.6873,49.318,0,Flat,0,55000
2026-04-23,VOLV-B,317.2,-0.2202,48.842,0,Flat,0,55000
2026-04-24,VOLV-B,322.1,1.5448,52.3117,0,Flat,0,55000
2026-04-27,VOLV-B,319.5,-0.8072,50.3599,0,Flat,0,55000
2026-04-28,VOLV-B,320.5,0.313,51.1154,0,Flat,0,55000
2026-04-29,VOLV-B,318.2,-0.7176,49.2586,0,Flat,0,55000
2026-04-30,VOLV-B,319.1,0.2828,50.0236,0,Flat,0,55000
2026-05-04,VOLV-B,312.7,-2.0056,44.8456,0,Flat,0,55000
2026-05-05,VOLV-B,318,1.6949,49.5068,0,Flat,0,55000
2026-05-06,VOLV-B,330.6,3.9623,58.4887,0,Flat,0,55000
2026-05-07,VOLV-B,327.8,-0.847,56.1005,0,Flat,0,55000
2026-05-08,VOLV-B,323.8,-1.2203,52.7846,0,Flat,0,55000
2026-05-11,VOLV-B,324.2,0.1235,53.0833,0,Flat,0,55000
2026-05-12,VOLV-B,319,-1.604,48.7652,0,Flat,0,55000
2026-05-13,VOLV-B,318,-0.3135,47.9572,0,Flat,0,55000
2026-05-15,VOLV-B,317.2,-0.2516,47.2823,0,Flat,0,55000
2026-05-18,VOLV-B,313.4,-1.198,44.1071,0,Flat,0,55000
2026-05-19,VOLV-B,310.2,-1.0211,41.5752,0,Flat,0,55000
2026-05-20,VOLV-B,312.8,0.8382,44.3694,0,Flat,0,55000
2026-05-21,VOLV-B,313.1,0.0959,44.6981,0,Flat,0,55000
2026-05-22,VOLV-B,314.8,0.543,46.6225,0,Flat,0,55000
2026-05-25,VOLV-B,322,2.2872,53.9341,0,Flat,0,55000
2026-05-26,VOLV-B,320.6,-0.4348,52.4302,0,Flat,0,55000
2026-05-27,VOLV-B,325.2,1.4348,56.7022,0,Flat,0,55000
2026-05-28,VOLV-B,323.4,-0.5535,54.6346,0,Flat,0,55000
2026-05-29,VOLV-B,325.5,0.6494,56.6219,0,Flat,0,55000
2026-06-01,VOLV-B,314.6,-3.3487,45.4842,0,Flat,0,55000
2026-06-02,VOLV-B,327.2,4.0051,56.2077,0,Flat,0,55000
2026-06-03,VOLV-B,327.8,0.1834,56.6451,0,Flat,0,55000
2026-06-04,VOLV-B,325.8,-0.6101,54.6846,0,Flat,0,55000
2026-06-05,VOLV-B,321.5,-1.3198,50.6277,0,Flat,0,55000
2026-06-08,VOLV-B,323.6,0.6532,52.4818,0,Flat,0,55000
2026-06-09,VOLV-B,318.9,-1.4524,48.1258,0,Flat,0,55000
2026-06-10,VOLV-B,306,-4.0452,38.6449,0,Flat,0,55000
2026-06-11,VOLV-B,310.2,1.3726,42.6092,0,Flat,0,55000
2026-06-12,VOLV-B,315.1,1.5796,46.9182,0,Flat,0,55000
2026-06-15,VOLV-B,320.2,1.6185,51.0387,0,Flat,0,55000
2026-06-16,VOLV-B,319.4,-0.2498,50.3781,0,Flat,0,55000
2026-06-17,VOLV-B,319,-0.1252,50.0294,0,Flat,0,55000
2026-06-18,VOLV-B,321.6,0.815,52.3386,0,Flat,0,55000
2026-06-22,VOLV-B,321.6,0,52.3386,0,Flat,0,55000
2026-06-23,VOLV-B,317.5,-1.2749,48.26,0,Flat,0,55000
2026-06-24,VOLV-B,318.2,0.2205,48.9909,0,Flat,0,55000
2026-06-25,VOLV-B,329.1,3.4255,58.7597,0,Flat,0,55000
2026-06-26,VOLV-B,324.6,-1.3674,54.1491,0,Flat,0,55000
2026-06-29,VOLV-B,323.5,-0.3389,53.0532,0,Flat,0,55000
2026-06-30,VOLV-B,329.5,1.8547,58.0413,0,Flat,0,55000
2026-07-01,VOLV-B,327.5,-0.607,55.9089,0,Flat,0,55000
2026-07-02,VOLV-B,332.3,1.4656,59.7325,0,Flat,0,55000
2026-07-03,VOLV-B,337.7,1.625,63.5611,0,Flat,0,55000
2026-07-06,VOLV-B,342.4,1.3918,66.5427,0,Flat,0,55000
2026-07-07,VOLV-B,340.2,-0.6425,63.9067,0,Flat,0,55000
2026-07-08,VOLV-B,333.7,-1.9106,56.7533,0,Flat,0,55000
2026-07-09,VOLV-B,334.4,0.2098,57.3075,0,Flat,0,55000
2026-07-10,VOLV-B,336.9,0.7476,59.313,0,Flat,0,55000
2026-07-13,VOLV-B,335.3,-0.4749,57.4529,0,Flat,0,55000
2026-07-14,VOLV-B,337.1,0.5368,59.0103,0,Flat,0,55000
2026-07-15,VOLV-B,338.5,0.4153,60.2297,0,Flat,0,55000
2026-07-16,VOLV-B,341.3,0.8272,62.6244,0,Flat,0,55000
2026-07-17,VOLV-B,339.1,-0.6446,59.5883,0,Flat,0,55000
2026-07-20,VOLV-B,338.7,-0.118,59.028,0,Flat,0,55000
2026-07-21,VOLV-B,339.5,0.2362,59.8414,0,Flat,0,55000
2026-07-22,VOLV-B,348,2.5037,67.2748,1,Flat,0,55000
2026-07-22,ATCO-A,200.9,1.67,62.5255,1,Flat,0,70000
2025-07-22,INVE-B,286.45,,,0,Flat,0,80000
2025-07-23,INVE-B,291.8,1.8677,,0,Flat,0,80000
2025-07-24,INVE-B,293.15,0.4626,,0,Flat,0,80000
2025-07-25,INVE-B,292.1,-0.3582,,0,Flat,0,80000
2025-07-28,INVE-B,290.95,-0.3937,,0,Flat,0,80000
2025-07-29,INVE-B,291.3,0.1203,,0,Flat,0,80000
2025-07-30,INVE-B,289.35,-0.6694,,0,Flat,0,80000
2025-07-31,INVE-B,284.5,-1.6762,,0,Flat,0,80000
2025-08-01,INVE-B,280.5,-1.406,,0,Flat,0,80000
2025-08-04,INVE-B,283.1,0.9269,,0,Flat,0,80000
2025-08-05,INVE-B,283.75,0.2296,,0,Flat,0,80000
2025-08-06,INVE-B,283.5,-0.0881,,0,Flat,0,80000
2025-08-07,INVE-B,286.9,1.1993,,0,Flat,0,80000
2025-08-08,INVE-B,287.95,0.366,,0,Flat,0,80000
2025-08-11,INVE-B,287.5,-0.1563,51.8453,0,Flat,0,80000
2025-08-12,INVE-B,288.25,0.2609,53.1747,0,Flat,0,80000
2025-08-13,INVE-B,289.65,0.4857,55.6366,0,Flat,0,80000
2025-08-14,INVE-B,293.25,1.2429,61.275,0,Flat,0,80000
2025-08-15,INVE-B,295.25,0.682,64.0116,0,Flat,0,80000
2025-08-18,INVE-B,294.45,-0.271,62.1206,0,Flat,0,80000
2025-08-19,INVE-B,298,1.2056,66.8066,0,Flat,0,80000
2025-08-20,INVE-B,295.65,-0.7886,61.3923,0,Flat,0,80000
2025-08-21,INVE-B,293.65,-0.6765,57.1474,0,Flat,0,80000
2025-08-22,INVE-B,298.2,1.5495,63.3552,0,Flat,0,80000
2025-08-25,INVE-B,296.65,-0.5198,60.158,0,Flat,0,80000
2025-08-26,INVE-B,294.1,-0.8596,55.221,0,Flat,0,80000
2025-08-27,INVE-B,294.45,0.119,55.7577,0,Flat,0,80000
2025-08-28,INVE-B,293.4,-0.3566,53.6791,0,Flat,0,80000
2025-08-29,INVE-B,291.35,-0.6987,49.7776,0,Flat,0,80000
2025-09-01,INVE-B,293.3,0.6693,53.2578,0,Flat,0,80000
2025-09-02,INVE-B,285.85,-2.5401,41.4421,0,Flat,0,80000
2025-09-03,INVE-B,288.9,1.067,46.6596,0,Flat,0,80000
2025-09-04,INVE-B,290,0.3808,48.4437,0,Flat,0,80000
2025-09-05,INVE-B,290.55,0.1897,49.3559,0,Flat,0,80000
2025-09-08,INVE-B,288.5,-0.7056,46.0832,0,Flat,0,80000
2025-09-09,INVE-B,286.8,-0.5893,43.5069,0,Flat,0,80000
2025-09-10,INVE-B,286.5,-0.1046,43.0495,0,Flat,0,80000
2025-09-11,INVE-B,285.45,-0.3665,41.4087,0,Flat,0,80000
2025-09-12,INVE-B,285.65,0.0701,41.8632,0,Flat,0,80000
2025-09-15,INVE-B,284.45,-0.4201,39.8649,0,Flat,0,80000
2025-09-16,INVE-B,281.05,-1.1953,34.7966,0,Flat,0,80000
2025-09-17,INVE-B,282.25,0.427,37.8022,0,Flat,0,80000
2025-09-18,INVE-B,285.1,1.0097,44.3619,0,Flat,0,80000
2025-09-19,INVE-B,283.95,-0.4034,42.4179,0,Flat,0,80000
2025-09-22,INVE-B,286.7,0.9685,48.2571,0,Flat,0,80000
2025-09-23,INVE-B,292.45,2.0056,57.8757,0,Flat,0,80000
2025-09-24,INVE-B,286.3,-2.1029,47.6689,0,Flat,0,80000
2025-09-25,INVE-B,283.95,-0.8208,44.4435,0,Flat,0,80000
2025-09-26,INVE-B,288.1,1.4615,50.7775,0,Flat,0,80000
2025-09-29,INVE-B,291,1.0066,54.6669,0,Flat,0,80000
2025-09-30,INVE-B,294.05,1.0481,58.3908,0,Flat,0,80000
2025-10-01,INVE-B,295.5,0.4931,60.0702,0,Flat,0,80000
2025-10-02,INVE-B,301.7,2.0981,66.328,0,Flat,0,80000
2025-10-03,INVE-B,303.4,0.5635,67.8173,0,Flat,0,80000
2025-10-06,INVE-B,306.85,1.1371,70.6541,0,Short,1,80000
2025-10-07,INVE-B,304.35,-0.8147,66.1068,0,Flat,0,80000
2025-10-08,INVE-B,306.65,0.7557,68.1385,0,Flat,0,80000
2025-10-09,INVE-B,306.4,-0.0815,67.6637,0,Flat,0,80000
2025-10-10,INVE-B,303.55,-0.9302,62.3316,0,Flat,0,80000
2025-10-13,INVE-B,304.1,0.1812,62.9386,0,Flat,0,80000
2025-10-14,INVE-B,304.5,0.1315,63.4005,0,Flat,0,80000
2025-10-15,INVE-B,309.05,1.4942,68.2481,0,Flat,0,80000
2025-10-16,INVE-B,308.1,-0.3074,66.2744,0,Flat,0,80000
2025-10-17,INVE-B,306.7,-0.4544,63.366,0,Flat,0,80000
2025-10-20,INVE-B,312.2,1.7933,69.1025,0,Flat,0,80000
2025-10-21,INVE-B,311.1,-0.3523,66.8479,0,Flat,0,80000
2025-10-22,INVE-B,312.05,0.3054,67.8243,0,Flat,0,80000
2025-10-23,INVE-B,313.25,0.3846,69.0637,0,Flat,0,80000
2025-10-24,INVE-B,315.6,0.7502,71.3881,0,Short,1,80000
2025-10-27,INVE-B,318.25,0.8397,73.7805,0,Short,1,80000
2025-10-28,INVE-B,316.6,-0.5185,69.8635,0,Flat,0,80000
2025-10-29,INVE-B,314.75,-0.5843,65.6547,0,Flat,0,80000
2025-10-30,INVE-B,316.35,0.5083,67.4794,0,Flat,0,80000
2025-10-31,INVE-B,313.55,-0.8851,61.3379,0,Flat,0,80000
2025-11-03,INVE-B,314.9,0.4306,63.0825,0,Flat,0,80000
2025-11-04,INVE-B,314.15,-0.2382,61.4242,0,Flat,0,80000
2025-11-05,INVE-B,316.5,0.7481,64.5672,0,Flat,0,80000
2025-11-06,INVE-B,314.65,-0.5845,60.3954,0,Flat,0,80000
2025-11-07,INVE-B,312.6,-0.6515,56.072,0,Flat,0,80000
2025-11-10,INVE-B,315.45,0.9117,60.3243,0,Flat,0,80000
2025-11-11,INVE-B,320.35,1.5533,66.3547,0,Flat,0,80000
2025-11-12,INVE-B,321.65,0.4058,67.7549,0,Flat,0,80000
2025-11-13,INVE-B,320.6,-0.3264,65.3879,0,Flat,0,80000
2025-11-14,INVE-B,319.1,-0.4679,62.0526,0,Flat,0,80000
2025-11-17,INVE-B,315.2,-1.2222,54.2979,0,Flat,0,80000
2025-11-18,INVE-B,307.9,-2.316,43.3719,0,Flat,0,80000
2025-11-19,INVE-B,308.65,0.2436,44.6052,0,Flat,0,80000
2025-11-20,INVE-B,312.9,1.377,51.1039,0,Flat,0,80000
2025-11-21,INVE-B,312.5,-0.1278,50.5034,0,Flat,0,80000
2025-11-24,INVE-B,315.85,1.072,55.2466,0,Flat,0,80000
2025-11-25,INVE-B,320.3,1.4089,60.642,0,Flat,0,80000
2025-11-26,INVE-B,321.6,0.4059,62.0803,0,Flat,0,80000
2025-11-27,INVE-B,322.9,0.4042,63.5161,0,Flat,0,80000
2025-11-28,INVE-B,321.4,-0.4645,60.6619,0,Flat,0,80000
2025-12-01,INVE-B,319,-0.7467,56.3026,0,Flat,0,80000
2025-12-02,INVE-B,319.85,0.2665,57.4684,0,Flat,0,80000
2025-12-03,INVE-B,318.4,-0.4533,54.7834,0,Flat,0,80000
2025-12-04,INVE-B,320.8,0.7538,58.2595,0,Flat,0,80000
2025-12-05,INVE-B,322.8,0.6234,60.9534,0,Flat,0,80000
2025-12-08,INVE-B,320.15,-0.8209,55.8134,0,Flat,0,80000
2025-12-09,INVE-B,317.6,-0.7965,51.328,0,Flat,0,80000
2025-12-10,INVE-B,323.35,1.8105,59.2755,0,Flat,0,80000
2025-12-11,INVE-B,320.45,-0.8969,54.4467,0,Flat,0,80000
2025-12-12,INVE-B,321,0.1716,55.1923,0,Flat,0,80000
2025-12-15,INVE-B,323,0.6231,57.8911,0,Flat,0,80000
2025-12-16,INVE-B,321,-0.6192,54.3648,0,Flat,0,80000
2025-12-17,INVE-B,319.05,-0.6075,51.0967,0,Flat,0,80000
2025-12-18,INVE-B,321.05,0.6269,54.1416,0,Flat,0,80000
2025-12-19,INVE-B,323.1,0.6385,57.0907,0,Flat,0,80000
2025-12-22,INVE-B,324.1,0.3095,58.493,0,Flat,0,80000
2025-12-23,INVE-B,325.1,0.3085,59.9041,0,Flat,0,80000
2025-12-29,INVE-B,327.9,0.8613,63.6323,0,Flat,0,80000
2025-12-30,INVE-B,330.4,0.7624,66.6169,0,Flat,0,80000
2026-01-02,INVE-B,325.95,-1.3468,57.5615,0,Flat,0,80000
2026-01-05,INVE-B,330.05,1.2579,62.6051,0,Flat,0,80000
2026-01-07,INVE-B,340.6,3.1965,71.8695,0,Short,1,80000
2026-01-08,INVE-B,337.1,-1.0276,66.0254,0,Flat,0,80000
2026-01-09,INVE-B,340.6,1.0383,68.761,0,Flat,0,80000
2026-01-12,INVE-B,341.45,0.2496,69.4053,0,Flat,0,80000
2026-01-13,INVE-B,341.3,-0.0439,69.1343,0,Flat,0,80000
2026-01-14,INVE-B,342.45,0.337,70.0982,0,Short,1,80000
2026-01-15,INVE-B,347.8,1.5623,74.1436,0,Short,1,80000
2026-01-16,INVE-B,349.35,0.4457,75.1909,0,Short,1,80000
2026-01-19,INVE-B,336.55,-3.664,55.2795,0,Flat,0,80000
2026-01-20,INVE-B,338.9,0.6983,57.5045,0,Flat,0,80000
2026-01-21,INVE-B,337.6,-0.3836,55.8492,0,Flat,0,80000
2026-01-22,INVE-B,339.5,0.5628,57.7629,0,Flat,0,80000
2026-01-23,INVE-B,338.85,-0.1915,56.8549,0,Flat,0,80000
2026-01-26,INVE-B,338.05,-0.2361,55.6946,0,Flat,0,80000
2026-01-27,INVE-B,341.35,0.9762,59.3775,0,Flat,0,80000
2026-01-28,INVE-B,339.5,-0.542,56.54,0,Flat,0,80000
2026-01-29,INVE-B,342.95,1.0162,60.3457,0,Flat,0,80000
2026-01-30,INVE-B,343.2,0.0729,60.6148,0,Flat,0,80000
2026-02-02,INVE-B,348.9,1.6608,66.2408,0,Flat,0,80000
2026-02-03,INVE-B,352.7,1.0891,69.3809,0,Flat,0,80000
2026-02-04,INVE-B,356.75,1.1483,72.3345,0,Short,1,80000
2026-02-05,INVE-B,358.85,0.5886,73.7486,0,Short,1,80000
2026-02-06,INVE-B,362.15,0.9196,75.8385,0,Short,1,80000
2026-02-09,INVE-B,363.8,0.4556,76.8316,0,Short,1,80000
2026-02-10,INVE-B,364.4,0.1649,77.1987,0,Short,1,80000
2026-02-11,INVE-B,363.75,-0.1784,75.7978,0,Short,1,80000
2026-02-12,INVE-B,361,-0.756,70.0092,0,Short,1,80000
2026-02-13,INVE-B,358.8,-0.6094,65.6873,0,Flat,0,80000
2026-02-16,INVE-B,361.25,0.6828,68.0526,0,Flat,0,80000
2026-02-17,INVE-B,362,0.2076,68.7625,0,Flat,0,80000
2026-02-18,INVE-B,367.75,1.5884,73.6049,0,Short,1,80000
2026-02-19,INVE-B,365.55,-0.5982,69.1857,0,Flat,0,80000
2026-02-20,INVE-B,368,0.6702,71.2554,0,Short,1,80000
2026-02-23,INVE-B,368.05,0.0136,71.2978,0,Short,1,80000
2026-02-24,INVE-B,370.7,0.72,73.5253,0,Short,1,80000
2026-02-25,INVE-B,372.45,0.4721,74.91,0,Short,1,80000
2026-02-26,INVE-B,374.9,0.6578,76.7439,0,Short,1,80000
2026-02-27,INVE-B,377.75,0.7602,78.6948,0,Short,1,80000
2026-03-02,INVE-B,368.05,-2.5678,60.1884,0,Flat,0,80000
2026-03-03,INVE-B,358.45,-2.6083,48.126,0,Flat,0,80000
2026-03-04,INVE-B,365,1.8273,54.7843,0,Flat,0,80000
2026-03-05,INVE-B,362.5,-0.6849,52.0388,0,Flat,0,80000
2026-03-06,INVE-B,356.1,-1.7655,45.7217,0,Flat,0,80000
2026-03-09,INVE-B,350.55,-1.5586,41.0661,0,Flat,0,80000
2026-03-10,INVE-B,361.95,3.252,51.9002,0,Flat,0,80000
2026-03-11,INVE-B,355.95,-1.6577,47.0026,0,Flat,0,80000
2026-03-12,INVE-B,354.75,-0.3371,46.0663,0,Flat,0,80000
2026-03-13,INVE-B,351.65,-0.8739,43.6475,0,Flat,0,80000
2026-03-16,INVE-B,353.35,0.4834,45.3424,0,Flat,0,80000
2026-03-17,INVE-B,352.05,-0.3679,44.2464,0,Flat,0,80000
2026-03-18,INVE-B,350.4,-0.4687,42.8314,0,Flat,0,80000
2026-03-19,INVE-B,342.2,-2.3402,36.5716,0,Flat,0,80000
2026-03-20,INVE-B,337.95,-1.242,33.8133,0,Flat,0,80000
2026-03-23,INVE-B,338.05,0.0296,33.9395,0,Flat,0,80000
2026-03-24,INVE-B,342.05,1.1833,38.9555,0,Flat,0,80000
2026-03-25,INVE-B,350.1,2.3535,47.5817,0,Flat,0,80000
2026-03-26,INVE-B,346.6,-0.9997,44.6288,0,Flat,0,80000
2026-03-27,INVE-B,345.45,-0.3318,43.6699,0,Flat,0,80000
2026-03-30,INVE-B,349.3,1.1145,47.72,0,Flat,0,80000
2026-03-31,INVE-B,354.3,1.4314,52.4969,0,Flat,0,80000
2026-04-01,INVE-B,363.7,2.6531,59.9127,0,Flat,0,80000
2026-04-02,INVE-B,354.65,-2.4883,51.5661,0,Flat,0,80000
2026-04-07,INVE-B,355.55,0.2538,52.2781,0,Flat,0,80000
2026-04-08,INVE-B,370.45,4.1907,62.1884,0,Flat,0,80000
2026-04-09,INVE-B,368.3,-0.5804,60.2443,0,Flat,0,80000
2026-04-10,INVE-B,373.8,1.4933,63.3967,0,Flat,0,80000
2026-04-13,INVE-B,373.3,-0.1338,62.9083,0,Flat,0,80000
2026-04-14,INVE-B,375.95,0.7099,64.4705,0,Flat,0,80000
2026-04-15,INVE-B,375.9,-0.0133,64.4154,0,Flat,0,80000
2026-04-16,INVE-B,375.35,-0.1463,63.7695,0,Flat,0,80000
2026-04-17,INVE-B,385.6,2.7308,69.8393,0,Flat,0,80000
2026-04-20,INVE-B,381.7,-1.0114,65.353,0,Flat,0,80000
2026-04-21,INVE-B,382.75,0.2751,65.9865,0,Flat,0,80000
2026-04-22,INVE-B,382.5,-0.0653,65.6785,0,Flat,0,80000
2026-04-23,INVE-B,380.2,-0.6013,62.7761,0,Flat,0,80000
2026-04-24,INVE-B,372.35,-2.0647,54.0043,0,Flat,0,80000
2026-04-27,INVE-B,372.25,-0.0269,53.901,0,Flat,0,80000
2026-04-28,INVE-B,373.2,0.2552,54.7861,0,Flat,0,80000
2026-04-29,INVE-B,369.35,-1.0316,50.5505,0,Flat,0,80000
2026-04-30,INVE-B,372,0.7175,53.2307,0,Flat,0,80000
2026-05-04,INVE-B,364.2,-2.0968,45.4261,0,Flat,0,80000
2026-05-05,INVE-B,370.6,1.7573,51.6855,0,Flat,0,80000
2026-05-06,INVE-B,379.35,2.361,58.6658,0,Flat,0,80000
2026-05-07,INVE-B,374.65,-1.239,54.141,0,Flat,0,80000
2026-05-08,INVE-B,369.45,-1.388,49.5844,0,Flat,0,80000
2026-05-11,INVE-B,369.65,0.0541,49.7595,0,Flat,0,80000
2026-05-12,INVE-B,366.1,-0.9604,46.661,0,Flat,0,80000
2026-05-13,INVE-B,365.5,-0.1639,46.138,0,Flat,0,80000
2026-05-15,INVE-B,364.5,-0.2736,45.2283,0,Flat,0,80000
2026-05-18,INVE-B,366.2,0.4664,47.1367,0,Flat,0,80000
2026-05-19,INVE-B,368.15,0.5325,49.318,0,Flat,0,80000
2026-05-20,INVE-B,372.2,1.1001,53.6006,0,Flat,0,80000
2026-05-21,INVE-B,376.5,1.1553,57.6884,0,Flat,0,80000
2026-05-22,INVE-B,380.55,1.0757,61.1594,0,Flat,0,80000
2026-05-25,INVE-B,387.05,1.7081,65.9825,0,Flat,0,80000
2026-05-26,INVE-B,382.85,-1.0851,60.7345,0,Flat,0,80000
2026-05-27,INVE-B,383.2,0.0914,61.0128,0,Flat,0,80000
2026-05-28,INVE-B,377.9,-1.3831,54.6915,0,Flat,0,80000
2026-05-29,INVE-B,380.75,0.7542,57.2561,0,Flat,0,80000
2026-06-01,INVE-B,379.75,-0.2626,56.0571,0,Flat,0,80000
2026-06-02,INVE-B,382.6,0.7505,58.7108,0,Flat,0,80000
2026-06-03,INVE-B,379.3,-0.8625,54.5993,0,Flat,0,80000
2026-06-04,INVE-B,380.7,0.3691,56.0069,0,Flat,0,80000
2026-06-05,INVE-B,379.95,-0.197,55.0227,0,Flat,0,80000
2026-06-08,INVE-B,380.6,0.1711,55.7485,0,Flat,0,80000
2026-06-09,INVE-B,377.75,-0.7488,51.8016,0,Flat,0,80000
2026-06-10,INVE-B,377.05,-0.1853,50.8494,0,Flat,0,80000
2026-06-11,INVE-B,376.9,-0.0398,50.6346,0,Flat,0,80000
2026-06-12,INVE-B,379.1,0.5837,53.7222,0,Flat,0,80000
2026-06-15,INVE-B,382.85,0.9892,58.4883,0,Flat,0,80000
2026-06-16,INVE-B,383.65,0.209,59.4478,0,Flat,0,80000
2026-06-17,INVE-B,386.25,0.6777,62.483,0,Flat,0,80000
2026-06-18,INVE-B,391.15,1.2686,67.4304,0,Flat,0,80000
2026-06-22,INVE-B,393.75,0.6647,69.7127,0,Flat,0,80000
2026-06-23,INVE-B,388.65,-1.2952,60.7239,0,Flat,0,80000
2026-06-24,INVE-B,392,0.862,64.0069,0,Flat,0,80000
2026-06-25,INVE-B,397.5,1.4031,68.6414,0,Flat,0,80000
2026-06-26,INVE-B,394.35,-0.7925,63.5911,0,Flat,0,80000
2026-06-29,INVE-B,397,0.672,65.8664,0,Flat,0,80000
2026-06-30,INVE-B,402.55,1.398,70.083,0,Short,1,80000
2026-07-01,INVE-B,399.2,-0.8322,64.8736,0,Flat,0,80000
2026-07-02,INVE-B,402.85,0.9143,67.6915,0,Flat,0,80000
2026-07-03,INVE-B,405.8,0.7323,69.8002,0,Flat,0,80000
2026-07-06,INVE-B,403.75,-0.5052,66.5497,0,Flat,0,80000
2026-07-07,INVE-B,398.2,-1.3746,58.594,0,Flat,0,80000
2026-07-08,INVE-B,391.95,-1.5696,51.1747,0,Flat,0,80000
2026-07-09,INVE-B,396.8,1.2374,55.8468,0,Flat,0,80000
2026-07-10,INVE-B,394.4,-0.6048,53.1371,0,Flat,0,80000
2026-07-13,INVE-B,391.25,-0.7987,49.7268,0,Flat,0,80000
2026-07-14,INVE-B,394.85,0.9201,53.4072,0,Flat,0,80000
2026-07-15,INVE-B,393.25,-0.4052,51.5992,0,Flat,0,80000
2026-07-16,INVE-B,394.3,0.267,52.7301,0,Flat,0,80000
2026-07-17,INVE-B,397,0.6848,55.6029,0,Flat,0,80000
2026-07-20,INVE-B,397.55,0.1385,56.187,0,Flat,0,80000
2026-07-21,INVE-B,396,-0.3899,54.0296,0,Flat,0,80000
2026-07-22,INVE-B,402.1,1.5404,60.4636,1,Flat,0,80000
2026-07-22,HEXA-B,79.92,1.0367,45.5879,1,Flat,0,28000
2025-07-22,ERIC-B,72.44,,,0,Flat,0,25000
2025-07-23,ERIC-B,72.48,0.0552,,0,Flat,0,25000
2025-07-24,ERIC-B,71.98,-0.6898,,0,Flat,0,25000
2025-07-25,ERIC-B,71.34,-0.8891,,0,Flat,0,25000
2025-07-28,ERIC-B,71.5,0.2243,,0,Flat,0,25000
2025-07-29,ERIC-B,74.2,3.7762,,0,Flat,0,25000
2025-07-30,ERIC-B,70.44,-5.0674,,0,Flat,0,25000
2025-07-31,ERIC-B,71.34,1.2777,,0,Flat,0,25000
2025-08-01,ERIC-B,70.26,-1.5139,,0,Flat,0,25000
2025-08-04,ERIC-B,71.94,2.3911,,0,Flat,0,25000
2025-08-05,ERIC-B,71.88,-0.0834,,0,Flat,0,25000
2025-08-06,ERIC-B,71.66,-0.3061,,0,Flat,0,25000
2025-08-07,ERIC-B,72.26,0.8373,,0,Flat,0,25000
2025-08-08,ERIC-B,72.58,0.4428,,0,Flat,0,25000
2025-08-11,ERIC-B,72.72,0.1929,51.0937,0,Flat,0,25000
2025-08-12,ERIC-B,73.36,0.8801,53.5926,0,Flat,0,25000
2025-08-13,ERIC-B,73.42,0.0818,53.8308,0,Flat,0,25000
2025-08-14,ERIC-B,73.34,-0.109,53.437,0,Flat,0,25000
2025-08-15,ERIC-B,73.98,0.8727,56.1976,0,Flat,0,25000
2025-08-18,ERIC-B,73.5,-0.6488,53.6295,0,Flat,0,25000
2025-08-19,ERIC-B,74.42,1.2517,57.6264,0,Flat,0,25000
2025-08-20,ERIC-B,74.26,-0.215,56.7109,0,Flat,0,25000
2025-08-21,ERIC-B,74.06,-0.2693,55.5234,0,Flat,0,25000
2025-08-22,ERIC-B,75.56,2.0254,61.9572,0,Flat,0,25000
2025-08-25,ERIC-B,75.72,0.2118,62.579,0,Flat,0,25000
2025-08-26,ERIC-B,76.16,0.5811,64.3068,0,Flat,0,25000
2025-08-27,ERIC-B,75.76,-0.5252,61.5257,0,Flat,0,25000
2025-08-28,ERIC-B,75.34,-0.5544,58.6571,0,Flat,0,25000
2025-08-29,ERIC-B,75.3,-0.0531,58.378,0,Flat,0,25000
2025-09-01,ERIC-B,74.74,-0.7437,54.4695,0,Flat,0,25000
2025-09-02,ERIC-B,73.56,-1.5788,47.2857,0,Flat,0,25000
2025-09-03,ERIC-B,73.94,0.5166,49.5914,0,Flat,0,25000
2025-09-04,ERIC-B,75.52,2.1369,57.847,0,Flat,0,25000
2025-09-05,ERIC-B,75.38,-0.1854,56.9569,0,Flat,0,25000
2025-09-08,ERIC-B,74.62,-1.0082,52.2561,0,Flat,0,25000
2025-09-09,ERIC-B,75.54,1.2329,56.894,0,Flat,0,25000
2025-09-10,ERIC-B,75.12,-0.556,54.3007,0,Flat,0,25000
2025-09-11,ERIC-B,75.06,-0.0799,53.9225,0,Flat,0,25000
2025-09-12,ERIC-B,74.28,-1.0392,49.1325,0,Flat,0,25000
2025-09-15,ERIC-B,74,-0.377,47.5012,0,Flat,0,25000
2025-09-16,ERIC-B,73.74,-0.3514,45.9748,0,Flat,0,25000
2025-09-17,ERIC-B,74.6,1.1663,51.5237,0,Flat,0,25000
2025-09-18,ERIC-B,75.66,1.4209,57.3398,0,Flat,0,25000
2025-09-19,ERIC-B,76.18,0.6873,59.8826,0,Flat,0,25000
2025-09-22,ERIC-B,76.28,0.1313,60.3718,0,Flat,0,25000
2025-09-23,ERIC-B,78.16,2.4646,68.2181,0,Flat,0,25000
2025-09-24,ERIC-B,77.3,-1.1003,62.1554,0,Flat,0,25000
2025-09-25,ERIC-B,77.38,0.1035,62.4893,0,Flat,0,25000
2025-09-26,ERIC-B,76.02,-1.7576,53.7979,0,Flat,0,25000
2025-09-29,ERIC-B,76.34,0.4209,55.3708,0,Flat,0,25000
2025-09-30,ERIC-B,77.84,1.9649,61.9158,0,Flat,0,25000
2025-10-01,ERIC-B,78.6,0.9764,64.7375,0,Flat,0,25000
2025-10-02,ERIC-B,78.54,-0.0763,64.3323,0,Flat,0,25000
2025-10-03,ERIC-B,78.52,-0.0255,64.188,0,Flat,0,25000
2025-10-06,ERIC-B,79.36,1.0698,67.4854,0,Flat,0,25000
2025-10-07,ERIC-B,79.1,-0.3276,65.4758,0,Flat,0,25000
2025-10-08,ERIC-B,80.3,1.5171,69.9268,0,Flat,0,25000
2025-10-09,ERIC-B,79.02,-1.594,60.9067,0,Flat,0,25000
2025-10-10,ERIC-B,79.3,0.3543,62.0596,0,Flat,0,25000
2025-10-13,ERIC-B,77.9,-1.7654,53.555,0,Flat,0,25000
2025-10-14,ERIC-B,91.94,18.0231,81.2724,0,Short,1,25000
2025-10-15,ERIC-B,90.9,-1.1312,77.5791,0,Short,1,25000
2025-10-16,ERIC-B,90.4,-0.5501,75.7958,0,Short,1,25000
2025-10-17,ERIC-B,89.52,-0.9735,72.6312,0,Short,1,25000
2025-10-20,ERIC-B,89.08,-0.4915,71.0343,0,Short,1,25000
2025-10-21,ERIC-B,90.52,1.6165,73.1175,0,Short,1,25000
2025-10-22,ERIC-B,89.4,-1.2373,68.9632,0,Flat,0,25000
2025-10-23,ERIC-B,89.76,0.4027,69.5618,0,Flat,0,25000
2025-10-24,ERIC-B,89.22,-0.6016,67.4599,0,Flat,0,25000
2025-10-27,ERIC-B,89.36,0.1569,67.7322,0,Flat,0,25000
2025-10-28,ERIC-B,91.56,2.4619,71.734,0,Short,1,25000
2025-10-29,ERIC-B,95.12,3.8882,76.7572,0,Short,1,25000
2025-10-30,ERIC-B,96.46,1.4087,78.3191,0,Short,1,25000
2025-10-31,ERIC-B,95.8,-0.6842,75.6236,0,Short,1,25000
2025-11-03,ERIC-B,97.48,1.7537,77.7251,0,Short,1,25000
2025-11-04,ERIC-B,95.08,-2.462,68.6235,0,Flat,0,25000
2025-11-05,ERIC-B,93.88,-1.2621,64.5531,0,Flat,0,25000
2025-11-06,ERIC-B,94.08,0.213,64.9265,0,Flat,0,25000
2025-11-07,ERIC-B,92.52,-1.6582,59.6485,0,Flat,0,25000
2025-11-10,ERIC-B,92.36,-0.1729,59.1177,0,Flat,0,25000
2025-11-11,ERIC-B,93.88,1.6457,62.5292,0,Flat,0,25000
2025-11-12,ERIC-B,94.58,0.7456,64.0183,0,Flat,0,25000
2025-11-13,ERIC-B,93.86,-0.7613,61.319,0,Flat,0,25000
2025-11-14,ERIC-B,92.96,-0.9589,58.0255,0,Flat,0,25000
2025-11-17,ERIC-B,92.28,-0.7315,55.5957,0,Flat,0,25000
2025-11-18,ERIC-B,90.36,-2.0806,49.3165,0,Flat,0,25000
2025-11-19,ERIC-B,89.78,-0.6419,47.5686,0,Flat,0,25000
2025-11-20,ERIC-B,90.62,0.9356,50.3151,0,Flat,0,25000
2025-11-21,ERIC-B,90.06,-0.618,48.4914,0,Flat,0,25000
2025-11-24,ERIC-B,90.24,0.1999,49.1296,0,Flat,0,25000
2025-11-25,ERIC-B,90.92,0.7535,51.5709,0,Flat,0,25000
2025-11-26,ERIC-B,91.28,0.396,52.8607,0,Flat,0,25000
2025-11-27,ERIC-B,91.44,0.1753,53.4541,0,Flat,0,25000
2025-11-28,ERIC-B,91.08,-0.3937,51.872,0,Flat,0,25000
2025-12-01,ERIC-B,91.26,0.1976,52.627,0,Flat,0,25000
2025-12-02,ERIC-B,91.26,0,52.627,0,Flat,0,25000
2025-12-03,ERIC-B,90.46,-0.8766,48.6901,0,Flat,0,25000
2025-12-04,ERIC-B,90.5,0.0442,48.896,0,Flat,0,25000
2025-12-05,ERIC-B,90.22,-0.3094,47.4606,0,Flat,0,25000
2025-12-08,ERIC-B,90.34,0.133,48.1629,0,Flat,0,25000
2025-12-09,ERIC-B,90.88,0.5977,51.3167,0,Flat,0,25000
2025-12-10,ERIC-B,89.68,-1.3204,44.7946,0,Flat,0,25000
2025-12-11,ERIC-B,90.34,0.7359,48.6595,0,Flat,0,25000
2025-12-12,ERIC-B,89.12,-1.3504,42.7075,0,Flat,0,25000
2025-12-15,ERIC-B,89.32,0.2244,43.9186,0,Flat,0,25000
2025-12-16,ERIC-B,89.6,0.3135,45.6507,0,Flat,0,25000
2025-12-17,ERIC-B,89.6,0,45.6507,0,Flat,0,25000
2025-12-18,ERIC-B,90.12,0.5804,49.0407,0,Flat,0,25000
2025-12-19,ERIC-B,90.42,0.3329,50.9418,0,Flat,0,25000
2025-12-22,ERIC-B,90.48,0.0664,51.3329,0,Flat,0,25000
2025-12-23,ERIC-B,89.74,-0.8179,46.4183,0,Flat,0,25000
2025-12-29,ERIC-B,90.02,0.312,48.4301,0,Flat,0,25000
2025-12-30,ERIC-B,90.6,0.6443,52.4158,0,Flat,0,25000
2026-01-02,ERIC-B,88.3,-2.5386,39.4088,0,Flat,0,25000
2026-01-05,ERIC-B,89.62,1.4949,47.466,0,Flat,0,25000
2026-01-07,ERIC-B,91.24,1.8076,55.3189,0,Flat,0,25000
2026-01-08,ERIC-B,87.24,-4.384,39.5847,0,Flat,0,25000
2026-01-09,ERIC-B,86.92,-0.3668,38.6379,0,Flat,0,25000
2026-01-12,ERIC-B,86.66,-0.2991,37.8458,0,Flat,0,25000
2026-01-13,ERIC-B,87,0.3923,39.5898,0,Flat,0,25000
2026-01-14,ERIC-B,86.9,-0.1149,39.2411,0,Flat,0,25000
2026-01-15,ERIC-B,88.32,1.6341,46.4544,0,Flat,0,25000
2026-01-16,ERIC-B,87.52,-0.9058,43.3331,0,Flat,0,25000
2026-01-19,ERIC-B,86.54,-1.1197,39.8048,0,Flat,0,25000
2026-01-20,ERIC-B,86.42,-0.1387,39.382,0,Flat,0,25000
2026-01-21,ERIC-B,86.5,0.0926,39.8408,0,Flat,0,25000
2026-01-22,ERIC-B,85.78,-0.8324,37.1178,0,Flat,0,25000
2026-01-23,ERIC-B,94.8,10.5153,67.2846,0,Flat,0,25000
2026-01-26,ERIC-B,95.12,0.3376,67.8734,0,Flat,0,25000
2026-01-27,ERIC-B,99,4.0791,73.987,0,Short,1,25000
2026-01-28,ERIC-B,97.16,-1.8586,67.4335,0,Flat,0,25000
2026-01-29,ERIC-B,96.2,-0.9881,64.2364,0,Flat,0,25000
2026-01-30,ERIC-B,96.66,0.4782,65.0905,0,Flat,0,25000
2026-02-02,ERIC-B,98.5,1.9036,68.3467,0,Flat,0,25000
2026-02-03,ERIC-B,99.02,0.5279,69.2204,0,Flat,0,25000
2026-02-04,ERIC-B,99.76,0.7473,70.4697,0,Short,1,25000
2026-02-05,ERIC-B,99.44,-0.3208,69.1624,0,Flat,0,25000
2026-02-06,ERIC-B,99.8,0.362,69.8403,0,Flat,0,25000
2026-02-09,ERIC-B,100.65,0.8517,71.4367,0,Short,1,25000
2026-02-10,ERIC-B,100.6,-0.0497,71.198,0,Short,1,25000
2026-02-11,ERIC-B,98.68,-1.9085,62.5528,0,Flat,0,25000
2026-02-12,ERIC-B,97.2,-1.4998,56.8249,0,Flat,0,25000
2026-02-13,ERIC-B,98.42,1.2551,60.0707,0,Flat,0,25000
2026-02-16,ERIC-B,98.4,-0.0203,59.9911,0,Flat,0,25000
2026-02-17,ERIC-B,99.88,1.5041,63.8134,0,Flat,0,25000
2026-02-18,ERIC-B,100.95,1.0713,66.3188,0,Flat,0,25000
2026-02-19,ERIC-B,101.65,0.6934,67.8852,0,Flat,0,25000
2026-02-20,ERIC-B,102.05,0.3935,68.7788,0,Flat,0,25000
2026-02-23,ERIC-B,100.85,-1.1759,63.1059,0,Flat,0,25000
2026-02-24,ERIC-B,99.86,-0.9817,58.7973,0,Flat,0,25000
2026-02-25,ERIC-B,100.75,0.8912,61.352,0,Flat,0,25000
2026-02-26,ERIC-B,101.6,0.8437,63.6689,0,Flat,0,25000
2026-02-27,ERIC-B,104.55,2.9035,70.3192,0,Short,1,25000
2026-03-02,ERIC-B,104.55,0,70.3192,0,Short,1,25000
2026-03-03,ERIC-B,102.95,-1.5304,63.0585,0,Flat,0,25000
2026-03-04,ERIC-B,104.95,1.9427,67.5666,0,Flat,0,25000
2026-03-05,ERIC-B,103.7,-1.191,62.4381,0,Flat,0,25000
2026-03-06,ERIC-B,103,-0.675,59.7051,0,Flat,0,25000
2026-03-09,ERIC-B,102.35,-0.6311,57.2013,0,Flat,0,25000
2026-03-10,ERIC-B,104.35,1.9541,62.423,0,Flat,0,25000
2026-03-11,ERIC-B,105.9,1.4854,65.8957,0,Flat,0,25000
2026-03-12,ERIC-B,107.9,1.8886,69.777,0,Flat,0,25000
2026-03-13,ERIC-B,108.6,0.6487,71.0201,0,Short,1,25000
2026-03-16,ERIC-B,111.6,2.7624,75.6438,0,Short,1,25000
2026-03-17,ERIC-B,111.7,0.0896,75.7825,0,Short,1,25000
2026-03-18,ERIC-B,109.45,-2.0143,66.5934,0,Flat,0,25000
2026-03-19,ERIC-B,107.2,-2.0557,58.9017,0,Flat,0,25000
2026-03-20,ERIC-B,106.1,-1.0261,55.5251,0,Flat,0,25000
2026-03-23,ERIC-B,105.15,-0.8954,52.7146,0,Flat,0,25000
2026-03-24,ERIC-B,107.4,2.1398,58.1214,0,Flat,0,25000
2026-03-25,ERIC-B,108.8,1.3035,61.1018,0,Flat,0,25000
2026-03-26,ERIC-B,109.4,0.5515,62.3388,0,Flat,0,25000
2026-03-27,ERIC-B,106,-3.1079,52.2069,0,Flat,0,25000
2026-03-30,ERIC-B,107,0.9434,54.5468,0,Flat,0,25000
2026-03-31,ERIC-B,106.3,-0.6542,52.6053,0,Flat,0,25000
2026-04-01,ERIC-B,108.3,1.8815,57.2836,0,Flat,0,25000
2026-04-02,ERIC-B,107.8,-0.4617,55.8007,0,Flat,0,25000
2026-04-07,ERIC-B,109,1.1132,58.5726,0,Flat,0,25000
2026-04-08,ERIC-B,110.95,1.789,62.6695,0,Flat,0,25000
2026-04-09,ERIC-B,111.1,0.1352,62.9729,0,Flat,0,25000
2026-04-10,ERIC-B,110.95,-0.135,62.4266,0,Flat,0,25000
2026-04-13,ERIC-B,110.7,-0.2253,61.4695,0,Flat,0,25000
2026-04-14,ERIC-B,110.25,-0.4065,59.6953,0,Flat,0,25000
2026-04-15,ERIC-B,108.25,-1.8141,52.4496,0,Flat,0,25000
2026-04-16,ERIC-B,110.25,1.8476,57.9466,0,Flat,0,25000
2026-04-17,ERIC-B,105.7,-4.127,45.1568,0,Flat,0,25000
2026-04-20,ERIC-B,108.35,2.5071,51.8259,0,Flat,0,25000
2026-04-21,ERIC-B,108.45,0.0923,52.0628,0,Flat,0,25000
2026-04-22,ERIC-B,107.1,-1.2448,48.5891,0,Flat,0,25000
2026-04-23,ERIC-B,105.65,-1.3539,45.1078,0,Flat,0,25000
2026-04-24,ERIC-B,104.5,-1.0885,42.5066,0,Flat,0,25000
2026-04-27,ERIC-B,104,-0.4785,41.389,0,Flat,0,25000
2026-04-28,ERIC-B,104.65,0.625,43.4698,0,Flat,0,25000
2026-04-29,ERIC-B,106.5,1.7678,49.0174,0,Flat,0,25000
2026-04-30,ERIC-B,108.35,1.7371,53.8904,0,Flat,0,25000
2026-05-04,ERIC-B,109.1,0.6922,55.7375,0,Flat,0,25000
2026-05-05,ERIC-B,110.4,1.1916,58.817,0,Flat,0,25000
2026-05-06,ERIC-B,111.1,0.6341,60.414,0,Flat,0,25000
2026-05-07,ERIC-B,109.45,-1.4851,54.9998,0,Flat,0,25000
2026-05-08,ERIC-B,109.6,0.1371,55.3912,0,Flat,0,25000
2026-05-11,ERIC-B,114.65,4.6077,66.0858,0,Flat,0,25000
2026-05-12,ERIC-B,114.3,-0.3053,64.9241,0,Flat,0,25000
2026-05-13,ERIC-B,118,3.2371,70.7733,0,Short,1,25000
2026-05-15,ERIC-B,118.05,0.0424,70.8441,0,Short,1,25000
2026-05-18,ERIC-B,119.95,1.6095,73.4723,0,Short,1,25000
2026-05-19,ERIC-B,119.55,-0.3335,72.0008,0,Short,1,25000
2026-05-20,ERIC-B,120.2,0.5437,72.9489,0,Short,1,25000
2026-05-21,ERIC-B,123.3,2.579,76.9566,0,Short,1,25000
2026-05-22,ERIC-B,125.85,2.0681,79.63,0,Short,1,25000
2026-05-25,ERIC-B,125.9,0.0397,79.6798,0,Short,1,25000
2026-05-26,ERIC-B,126.85,0.7546,80.6475,0,Short,1,25000
2026-05-27,ERIC-B,121.25,-4.4147,61.9261,0,Flat,0,25000
2026-05-28,ERIC-B,119,-1.8557,56.2737,0,Flat,0,25000
2026-05-29,ERIC-B,120.1,0.9244,58.2786,0,Flat,0,25000
2026-06-01,ERIC-B,122.7,2.1649,62.6393,0,Flat,0,25000
2026-06-02,ERIC-B,127.35,3.7897,68.8999,0,Flat,0,25000
2026-06-03,ERIC-B,127,-0.2748,67.9766,0,Flat,0,25000
2026-06-04,ERIC-B,124.2,-2.2047,60.9406,0,Flat,0,25000
2026-06-05,ERIC-B,121,-2.5765,54.0545,0,Flat,0,25000
2026-06-08,ERIC-B,118.9,-1.7355,50.057,0,Flat,0,25000
2026-06-09,ERIC-B,111.45,-6.2658,39.0297,0,Flat,0,25000
2026-06-10,ERIC-B,111.4,-0.0449,38.9676,0,Flat,0,25000
2026-06-11,ERIC-B,113.1,1.526,42.3248,0,Flat,0,25000
2026-06-12,ERIC-B,116.6,3.0946,48.5941,0,Flat,0,25000
2026-06-15,ERIC-B,114.55,-1.7581,45.476,0,Flat,0,25000
2026-06-16,ERIC-B,109.75,-4.1903,39.1428,0,Flat,0,25000
2026-06-17,ERIC-B,109.65,-0.0911,39.0209,0,Flat,0,25000
2026-06-18,ERIC-B,109.95,0.2736,39.6284,0,Flat,0,25000
2026-06-22,ERIC-B,111.95,1.819,43.6585,0,Flat,0,25000
2026-06-23,ERIC-B,112,0.0447,43.7595,0,Flat,0,25000
2026-06-24,ERIC-B,109.1,-2.5893,39.3501,0,Flat,0,25000
2026-06-25,ERIC-B,108.45,-0.5958,38.4157,0,Flat,0,25000
2026-06-26,ERIC-B,106.65,-1.6597,35.8753,0,Flat,0,25000
2026-06-29,ERIC-B,107.9,1.1721,38.8972,0,Flat,0,25000
2026-06-30,ERIC-B,108.15,0.2317,39.5112,0,Flat,0,25000
2026-07-01,ERIC-B,106.35,-1.6644,36.6553,0,Flat,0,25000
2026-07-02,ERIC-B,105.8,-0.5172,35.8037,0,Flat,0,25000
2026-07-03,ERIC-B,106.45,0.6144,37.6474,0,Flat,0,25000
2026-07-06,ERIC-B,106.25,-0.1879,37.2925,0,Flat,0,25000
2026-07-07,ERIC-B,105.55,-0.6588,36.0129,0,Flat,0,25000
2026-07-08,ERIC-B,105.3,-0.2369,35.5438,0,Flat,0,25000
2026-07-09,ERIC-B,112.35,6.6952,53.8134,0,Flat,0,25000
2026-07-10,ERIC-B,110.2,-1.9137,49.2306,0,Flat,0,25000
2026-07-13,ERIC-B,112.75,2.314,54.2113,0,Flat,0,25000
2026-07-14,ERIC-B,98.54,-12.6031,34.1221,0,Flat,0,25000
2026-07-15,ERIC-B,97.3,-1.2584,32.9739,0,Flat,0,25000
2026-07-16,ERIC-B,95.84,-1.5005,31.6244,0,Flat,0,25000
2026-07-17,ERIC-B,95.26,-0.6052,31.0802,0,Flat,0,25000
2026-07-20,ERIC-B,93.8,-1.5326,29.6951,0,Long,1,25000
2026-07-21,ERIC-B,92.8,-1.0661,28.75,0,Long,1,25000
2026-07-22,ERIC-B,92.98,0.194,29.1868,1,Long,1,25000
2026-07-22,SEB-A,217.8,0.9268,77.4617,1,Short,1,32000
2026-07-22,SWED-A,369.8,0.6806,60.289,1,Flat,0,25000
2026-07-22,SHB-A,142.75,0.9547,55.9613,1,Flat,0,22000
2026-07-22,ASSA-B,344.1,1.2059,55.974,1,Flat,0,30000
2026-07-22,SAND,349.4,0.7207,37.5389,1,Flat,0,25000
2026-07-22,ESSITY-B,280.5,1.1905,57.2946,1,Flat,0,18000
2026-07-22,HM-B,163.6,1.175,47.7063,1,Flat,0,22000
2026-07-22,ALFA,572.2,1.2743,57.5274,1,Flat,0,16000
2026-07-22,SKF-B,255.8,2.075,53.0006,1,Flat,0,9000
2026-07-22,TELIA,44.97,0.3123,39.181,1,Flat,0,12000
2026-07-22,BOL,496.3,4.0898,41.948,1,Flat,0,10000
2026-07-22,NOVO-B,319.5,-1.4041,52.7273,1,Flat,0,350000
2026-07-22,DSV,1433.5,-14.1617,27.7772,1,Long,1,45000
2026-07-22,MAERSK-B,16965,1.2534,56.5008,1,Flat,0,28000
2026-07-22,ORSTED,153.05,2.1355,52.9307,1,Flat,0,20000
2026-07-22,CARL-B,938,0.9253,63.1838,1,Flat,0,18000
2026-07-22,COLO-B,411.8,-0.5554,58.0256,1,Flat,0,22000
2026-07-22,VWS,176.3,-1.5908,46.4986,1,Flat,0,22000
2026-07-22,DANSKE,364.9,0.0823,57.876,1,Flat,0,25000
2026-07-22,GMAB,1911,3.1579,61.9499,1,Flat,0,18000
2026-07-22,EQNR,379.6,4.1712,72.1904,1,Short,1,70000
2026-07-22,DNB,297.2,0.4733,56.1795,1,Flat,0,30000
2026-07-22,TEL,133.4,0.6792,35.6262,1,Flat,0,18000
2026-07-22,MOWI,199.3,1.4249,61.2075,1,Flat,0,10000
2026-07-22,YAR,445.2,1.2509,46.126,1,Flat,0,9000
2026-07-22,NHY,85.74,2.4373,38.0115,1,Flat,0,12000
2026-07-22,ORK,105,-1.4085,48.1635,1,Flat,0,8000
2026-07-22,KESKOB,20.58,3.5732,63.0735,1,Flat,0,8000
2026-07-22,METSO,15.75,3.4823,56.0856,1,Flat,0,9000
2026-07-22,VALMT,22.44,1.4467,59.3109,1,Flat,0,5000
2026-07-22,OUT1V,5.575,2.1998,55.6853,1,Flat,0,2000
2026-07-22,HUH1V,27.36,1.7857,60.2211,1,Flat,0,3500
2026-07-22,TYRES,15.3,-2.1739,71.8495,1,Short,1,1500
2026-07-22,QTCOM,24.02,-0.9893,48.1779,1,Flat,0,2500
2026-07-22,TIETO,17.72,0.2262,39.349,1,Flat,0,2000
2026-07-22,EQT,311,-1.1757,64.0114,1,Flat,0,35000
2026-07-22,EPI-A,243.4,1.6284,40.6402,1,Flat,0,22000
2026-07-22,SAAB-B,586.8,1.9104,62.4418,1,Flat,0,12000
2026-07-22,NIBE-B,37,1.9565,55.4527,1,Flat,0,10000
2026-07-22,SCA-B,105.7,4.4983,66.7446,1,Flat,0,9000
2026-07-22,AZN,1648.5,1.9481,42.3899,1,Flat,0,200000
2026-07-22,GETI-B,233.2,0.2579,78.1759,1,Short,1,7000
2026-07-22,TEL2-B,160.65,1.4205,37.5815,1,Flat,0,8000
2026-07-22,SECU-B,169.9,2.4111,71.3443,1,Short,1,5000
2026-07-22,ELUX-B,22.61,0.5336,27.301,1,Long,1,3000
2026-07-22,SINCH,37.84,-3.173,47.2752,1,Flat,0,2500
2026-07-22,INDU-C,526,1.5052,55.0363,1,Flat,0,12000
2026-07-22,KINV-B,50.46,1.4475,40.5085,1,Flat,0,3000
2026-07-22,PNDORA,772,1.153,62.1474,1,Flat,0,12000
2026-07-22,ROCK-B,193,0.7833,37.7165,1,Flat,0,7000
2026-07-22,NSIS-B,424.7,0.4494,59.3551,1,Flat,0,30000
2026-07-22,DEMANT,271.4,-0.2206,53.4428,1,Flat,0,8000
2026-07-22,GN,91.78,-0.1088,51.7783,1,Flat,0,4000
2026-07-22,TRYG,156.6,1.0975,64.8574,1,Flat,0,12000
2026-07-22,BAVA,180,-0.5525,42.6355,1,Flat,0,2500
2026-07-22,AMBU-B,69.25,-0.5743,58.1958,1,Flat,0,4000
2026-07-22,AKRBP,337,1.7819,63.2728,1,Flat,0,15000
2026-07-22,TOM,102.6,0,56.9199,1,Flat,0,5000
2026-07-22,SALM,500,1.5022,52.2743,1,Flat,0,7000
2026-07-22,STB,200.4,1.6227,75.3843,1,Short,1,5000
2026-07-22,GJF,281.8,1.6594,64.0756,1,Flat,0,10000
2026-07-22,BAKKA,444.4,1.2301,59.6528,1,Flat,0,3000
2026-07-22,SUBC,335.6,3.4525,53.1486,1,Flat,0,5000
2026-07-22,AUTO,11.76,3.6123,50.5171,1,Flat,0,4000
